Date,Close,High,Low,Open,Volume
2016-08-22,47.04999923706055,48.400001525878906,46.75,48.400001525878906,515256
2016-08-23,48.099998474121094,48.31999969482422,46.59000015258789,47.38999938964844,623904
2016-08-24,46.77000045776367,47.7400016784668,46.45000076293945,47.59000015258789,603495
2016-08-25,47.33000183105469,47.459999084472656,46.41999816894531,46.79999923706055,458816
2016-08-26,47.63999938964844,48.459999084472656,46.939998626708984,47.369998931884766,558344
2016-08-29,46.97999954223633,47.279998779296875,46.619998931884766,47.220001220703125,309254
2016-08-30,46.349998474121094,47.4900016784668,46.209999084472656,46.97999954223633,464449
2016-08-31,44.70000076293945,46.40999984741211,44.5099983215332,46.2400016784668,549007
2016-09-01,43.15999984741211,45.08000183105469,43.0,44.849998474121094,605003
2016-09-02,44.439998626708984,44.66999816894531,43.15999984741211,43.54999923706055,576915
2016-09-06,44.83000183105469,46.529998779296875,43.84000015258789,44.150001525878906,932145
2016-09-07,45.5,46.16999816894531,44.54999923706055,44.849998474121094,572884
2016-09-08,47.619998931884766,47.75,45.77000045776367,46.119998931884766,761943
2016-09-09,45.880001068115234,47.36000061035156,45.560001373291016,47.36000061035156,688191
2016-09-12,46.290000915527344,46.5099983215332,44.720001220703125,45.56999969482422,745016
2016-09-13,44.900001525878906,46.130001068115234,44.77000045776367,46.060001373291016,657775
2016-09-14,43.58000183105469,45.33000183105469,43.41999816894531,45.0,705861
2016-09-15,43.90999984741211,44.34000015258789,43.2599983215332,43.70000076293945,537185
2016-09-16,43.029998779296875,43.75,42.7400016784668,43.709999084472656,231191
2016-09-19,43.29999923706055,44.150001525878906,43.119998931884766,43.18000030517578,129857
2016-09-20,43.439998626708984,44.04999923706055,42.54999923706055,43.130001068115234,694130
2016-09-21,45.34000015258789,45.650001525878906,44.5,44.5,585987
2016-09-22,46.31999969482422,46.52000045776367,45.52000045776367,45.619998931884766,521680
2016-09-23,44.47999954223633,46.54999923706055,44.220001220703125,46.06999969482422,718395
2016-09-26,45.93000030517578,46.20000076293945,44.43000030517578,44.619998931884766,527119
2016-09-27,44.66999816894531,45.959999084472656,44.189998626708984,45.619998931884766,630757
2016-09-28,47.04999923706055,47.45000076293945,44.349998474121094,44.959999084472656,1008434
2016-09-29,47.83000183105469,48.31999969482422,46.599998474121094,47.20000076293945,702649
2016-09-30,48.2400016784668,48.29999923706055,47.040000915527344,47.7599983215332,496515
2016-10-03,48.810001373291016,49.02000045776367,47.779998779296875,48.040000915527344,458021
2016-10-04,48.689998626708984,49.2599983215332,48.2599983215332,48.650001525878906,513710
2016-10-05,49.83000183105469,49.970001220703125,49.099998474121094,49.2599983215332,520070
2016-10-06,50.439998626708984,50.630001068115234,49.33000183105469,49.650001525878906,547915
2016-10-07,49.810001373291016,50.7400016784668,49.400001525878906,50.59000015258789,618809
2016-10-11,50.790000915527344,51.540000915527344,50.38999938964844,51.099998474121094,765608
2016-10-12,50.18000030517578,51.16999816894531,49.88999938964844,50.84000015258789,533884
2016-10-13,50.439998626708984,50.59000015258789,49.36000061035156,50.0,740676
2016-10-14,50.349998474121094,51.13999938964844,49.900001525878906,50.58000183105469,519431
2016-10-17,49.939998626708984,50.58000183105469,49.470001220703125,50.22999954223633,418723
2016-10-18,50.290000915527344,50.779998779296875,49.7599983215332,50.040000915527344,192803
2016-10-19,51.599998474121094,51.93000030517578,50.689998626708984,50.77000045776367,132427
2016-10-20,50.43000030517578,51.58000183105469,50.25,51.400001525878906,548947
2016-10-21,50.849998474121094,51.02000045776367,50.209999084472656,50.65999984741211,551300
2016-10-24,50.52000045776367,50.97999954223633,49.619998931884766,50.849998474121094,623398
2016-10-25,49.959999084472656,50.93000030517578,49.27000045776367,50.4900016784668,553778
2016-10-26,49.18000030517578,50.099998474121094,48.869998931884766,49.310001373291016,679320
2016-10-27,49.720001220703125,50.060001373291016,49.0,49.220001220703125,543173
2016-10-28,48.70000076293945,49.810001373291016,48.41999816894531,49.61000061035156,550081
2016-10-31,46.86000061035156,48.7400016784668,46.630001068115234,48.25,649237
2016-11-01,46.66999816894531,47.349998474121094,46.20000076293945,46.77000045776367,834989
2016-11-02,45.34000015258789,46.470001220703125,44.959999084472656,46.31999969482422,674322
2016-11-03,44.65999984741211,45.900001525878906,44.369998931884766,45.47999954223633,540439
2016-11-04,44.06999969482422,44.869998931884766,43.56999969482422,44.630001068115234,736685
2016-11-07,44.88999938964844,45.0099983215332,44.11000061035156,44.45000076293945,605733
2016-11-08,44.97999954223633,45.38999938964844,44.40999984741211,44.970001220703125,669639
2016-11-09,45.27000045776367,45.95000076293945,43.06999969482422,44.81999969482422,946512
2016-11-10,44.65999984741211,45.63999938964844,44.25,45.310001373291016,686338
2016-11-14,43.31999969482422,43.810001373291016,42.20000076293945,43.20000076293945,704766
2016-11-15,45.810001373291016,46.09000015258789,43.54999923706055,43.7599983215332,706177
2016-11-16,45.56999969482422,46.40999984741211,45.029998779296875,45.77000045776367,658169
2016-11-17,45.41999816894531,46.58000183105469,44.880001068115234,45.369998931884766,284874
2016-11-18,45.689998626708984,45.77000045776367,44.54999923706055,44.93000030517578,155651
2016-11-21,47.4900016784668,47.79999923706055,45.77000045776367,45.83000183105469,665326
2016-11-22,48.029998779296875,49.20000076293945,47.16999816894531,48.369998931884766,826208
2016-11-23,47.959999084472656,48.43000030517578,47.400001525878906,47.939998626708984,556861
2016-11-25,46.060001373291016,48.2599983215332,45.880001068115234,47.970001220703125,465977
2016-11-28,47.08000183105469,47.650001525878906,45.13999938964844,45.43000030517578,734381
2016-11-29,45.22999954223633,46.97999954223633,44.81999969482422,46.880001068115234,732818
2016-11-30,49.439998626708984,49.900001525878906,45.220001220703125,45.2400016784668,1311000
2016-12-01,51.060001373291016,51.79999923706055,48.97999954223633,49.06999969482422,974805
2016-12-02,51.68000030517578,51.72999954223633,50.18000030517578,51.0099983215332,667099
2016-12-05,51.790000915527344,52.41999816894531,50.93000030517578,51.459999084472656,600782
2016-12-06,50.93000030517578,51.599998474121094,50.279998779296875,50.970001220703125,642746
2016-12-07,49.77000045776367,51.20000076293945,49.720001220703125,50.93000030517578,816879
2016-12-08,50.84000015258789,50.97999954223633,49.61000061035156,49.880001068115234,780062
2016-12-09,51.5,51.65999984741211,50.86000061035156,50.91999816894531,652040
2016-12-12,52.83000183105469,54.5099983215332,52.18000030517578,52.58000183105469,847025
2016-12-13,52.97999954223633,53.40999984741211,52.349998474121094,52.5099983215332,638396
2016-12-14,51.040000915527344,52.779998779296875,50.66999816894531,52.45000076293945,677957
2016-12-15,50.900001525878906,51.47999954223633,49.95000076293945,50.790000915527344,551759
2016-12-16,51.900001525878906,52.08000183105469,50.5,51.099998474121094,252567
2016-12-19,52.119998931884766,52.52000045776367,51.5099983215332,52.150001525878906,129990
2016-12-20,52.22999954223633,52.70000076293945,51.849998474121094,52.11000061035156,416592
2016-12-21,52.4900016784668,53.790000915527344,52.31999969482422,53.560001373291016,471993
2016-12-22,52.95000076293945,53.189998626708984,52.08000183105469,52.52000045776367,393487
2016-12-23,53.02000045776367,53.279998779296875,52.2599983215332,52.68000030517578,285166
2016-12-27,53.900001525878906,54.099998474121094,53.029998779296875,53.290000915527344,277306
2016-12-28,54.060001373291016,54.369998931884766,53.560001373291016,53.93000030517578,322535
2016-12-29,53.77000045776367,54.209999084472656,53.459999084472656,53.65999984741211,360194
2016-12-30,53.720001220703125,54.09000015258789,53.40999984741211,53.869998931884766,271094
2017-01-03,52.33000183105469,55.2400016784668,52.11000061035156,54.20000076293945,727793
2017-01-04,53.2599983215332,53.43000030517578,52.150001525878906,52.4900016784668,512641
2017-01-05,53.7599983215332,54.119998931884766,52.790000915527344,53.38999938964844,517362
2017-01-06,53.9900016784668,54.31999969482422,53.31999969482422,53.72999954223633,528333
2017-01-09,51.959999084472656,53.83000183105469,51.7599983215332,53.75,564893
2017-01-10,50.81999969482422,52.369998931884766,50.709999084472656,51.83000183105469,632573
2017-01-11,52.25,52.779998779296875,50.75,50.810001373291016,815846
2017-01-12,53.0099983215332,53.5,52.119998931884766,52.369998931884766,660703
2017-01-13,52.369998931884766,53.16999816894531,52.27000045776367,53.04999923706055,477986
2017-01-17,52.47999954223633,53.52000045776367,52.119998931884766,52.54999923706055,606023
2017-01-18,51.08000183105469,52.790000915527344,50.90999984741211,52.52000045776367,236238
2017-01-19,51.369998931884766,51.869998931884766,51.02000045776367,51.38999938964844,122593
2017-01-20,52.41999816894531,52.900001525878906,51.38999938964844,51.45000076293945,567231
2017-01-23,52.75,53.470001220703125,52.209999084472656,53.33000183105469,455333
2017-01-24,53.18000030517578,53.560001373291016,52.66999816894531,52.86000061035156,520285
2017-01-25,52.75,53.470001220703125,52.560001373291016,52.95000076293945,589709
2017-01-26,53.779998779296875,54.060001373291016,52.790000915527344,52.959999084472656,578065
2017-01-27,53.16999816894531,54.08000183105469,52.58000183105469,53.7400016784668,495556
2017-01-30,52.630001068115234,53.459999084472656,52.40999984741211,53.150001525878906,486309
2017-01-31,52.810001373291016,53.560001373291016,52.2400016784668,52.599998474121094,586676
2017-02-01,53.880001068115234,53.90999984741211,52.63999938964844,52.7599983215332,577243
2017-02-02,53.540000915527344,54.34000015258789,53.349998474121094,53.56999969482422,492553
2017-02-03,53.83000183105469,54.220001220703125,53.400001525878906,53.68000030517578,462616
2017-02-06,53.0099983215332,54.130001068115234,52.90999984741211,53.810001373291016,425085
2017-02-07,52.16999816894531,53.2400016784668,51.630001068115234,53.13999938964844,624057
2017-02-08,52.34000015258789,52.66999816894531,51.220001220703125,51.63999938964844,767379
2017-02-09,53.0,53.209999084472656,52.369998931884766,52.369998931884766,610196
2017-02-10,53.86000061035156,54.130001068115234,52.900001525878906,53.150001525878906,596449
2017-02-13,52.93000030517578,53.95000076293945,52.77000045776367,53.79999923706055,586034
2017-02-14,53.20000076293945,53.720001220703125,52.86000061035156,52.90999984741211,493022
2017-02-15,53.11000061035156,53.5099983215332,52.72999954223633,53.0,463638
2017-02-16,53.36000061035156,53.59000015258789,52.68000030517578,53.0099983215332,343363
2017-02-17,53.400001525878906,53.52000045776367,52.880001068115234,53.470001220703125,195352
2017-02-21,54.060001373291016,54.68000030517578,53.349998474121094,53.47999954223633,665310
2017-02-22,53.59000015258789,54.599998474121094,53.349998474121094,54.2599983215332,499480
2017-02-23,54.45000076293945,54.939998626708984,53.869998931884766,53.90999984741211,529880
2017-02-24,53.9900016784668,54.5099983215332,53.7599983215332,54.33000183105469,395258
2017-02-27,54.04999923706055,54.61000061035156,53.939998626708984,54.02000045776367,394380
2017-02-28,54.0099983215332,54.22999954223633,53.18000030517578,54.040000915527344,593909
2017-03-01,53.83000183105469,54.439998626708984,53.630001068115234,53.95000076293945,491289
2017-03-02,52.61000061035156,53.79999923706055,52.540000915527344,53.689998626708984,638390
2017-03-03,53.33000183105469,53.38999938964844,52.54999923706055,52.58000183105469,436360
2017-03-06,53.20000076293945,53.560001373291016,52.7599983215332,53.189998626708984,503692
2017-03-07,53.13999938964844,53.79999923706055,52.709999084472656,53.16999816894531,494677
2017-03-08,50.279998779296875,52.91999816894531,50.04999923706055,52.790000915527344,963392
2017-03-09,49.279998779296875,50.84000015258789,48.59000015258789,50.220001220703125,1073506
2017-03-10,48.4900016784668,50.11000061035156,48.310001373291016,49.61000061035156,796960
2017-03-13,48.400001525878906,48.68000030517578,47.900001525878906,48.45000076293945,601362
2017-03-14,47.720001220703125,48.790000915527344,47.09000015258789,48.45000076293945,857711
2017-03-15,48.86000061035156,49.040000915527344,48.15999984741211,48.7599983215332,655788
2017-03-16,48.75,49.619998931884766,48.45000076293945,49.0099983215332,516853
2017-03-17,48.779998779296875,49.20000076293945,48.599998474121094,48.790000915527344,172340
2017-03-20,48.220001220703125,48.7400016784668,47.84000015258789,48.70000076293945,142258
2017-03-21,47.34000015258789,48.72999954223633,47.22999954223633,47.93000030517578,628119
2017-03-22,48.040000915527344,48.31999969482422,47.0099983215332,48.15999984741211,680849
2017-03-23,47.70000076293945,48.47999954223633,47.58000183105469,48.150001525878906,499878
2017-03-24,47.970001220703125,48.20000076293945,47.540000915527344,47.66999816894531,421027
2017-03-27,47.72999954223633,48.279998779296875,47.08000183105469,48.119998931884766,466176
2017-03-28,48.369998931884766,48.7400016784668,47.79999923706055,47.88999938964844,502377
2017-03-29,49.5099983215332,49.630001068115234,48.380001068115234,48.470001220703125,548615
2017-03-30,50.349998474121094,50.470001220703125,49.27000045776367,49.599998474121094,580668
2017-03-31,50.599998474121094,50.849998474121094,49.900001525878906,50.31999969482422,527607
2017-04-03,50.2400016784668,50.83000183105469,50.119998931884766,50.689998626708984,440724
2017-04-04,51.029998779296875,51.29999923706055,49.880001068115234,50.2400016784668,532054
2017-04-05,51.150001525878906,51.880001068115234,50.7400016784668,51.18000030517578,651398
2017-04-06,51.70000076293945,51.81999969482422,50.77000045776367,50.79999923706055,473019
2017-04-07,52.2400016784668,52.939998626708984,51.4900016784668,51.70000076293945,796437
2017-04-10,53.08000183105469,53.18000030517578,52.290000915527344,52.310001373291016,565439
2017-04-11,53.400001525878906,53.45000076293945,52.70000076293945,53.130001068115234,598003
2017-04-12,53.11000061035156,53.7599983215332,52.709999084472656,53.400001525878906,629805
2017-04-13,53.18000030517578,53.38999938964844,52.81999969482422,52.849998474121094,480835
2017-04-17,52.650001525878906,53.209999084472656,52.54999923706055,52.970001220703125,326340
2017-04-18,52.40999984741211,52.849998474121094,52.099998474121094,52.75,202043
2017-04-19,50.439998626708984,52.650001525878906,50.09000015258789,52.36000061035156,133173
2017-04-20,50.27000045776367,50.970001220703125,50.18000030517578,50.630001068115234,606263
2017-04-21,49.619998931884766,50.93000030517578,49.20000076293945,50.709999084472656,687474
2017-04-24,49.22999954223633,50.220001220703125,49.029998779296875,49.68000030517578,517897
2017-04-25,49.560001373291016,49.83000183105469,48.869998931884766,49.220001220703125,587240
2017-04-26,49.619998931884766,50.20000076293945,48.939998626708984,49.36000061035156,655717
2017-04-27,48.970001220703125,49.43000030517578,48.20000076293945,49.220001220703125,771189
2017-04-28,49.33000183105469,49.7599983215332,48.79999923706055,49.27000045776367,633992
2017-05-01,48.84000015258789,49.31999969482422,48.59000015258789,49.16999816894531,364386
2017-05-02,47.65999984741211,49.279998779296875,47.349998474121094,48.779998779296875,702375
2017-05-03,47.81999969482422,48.22999954223633,47.29999923706055,48.119998931884766,691319
2017-05-04,45.52000045776367,47.75,45.290000915527344,47.599998474121094,943959
2017-05-05,46.220001220703125,46.68000030517578,43.7599983215332,45.5099983215332,1021610
2017-05-08,46.43000030517578,46.97999954223633,45.72999954223633,46.349998474121094,785055
2017-05-09,45.880001068115234,46.779998779296875,45.529998779296875,46.4900016784668,701944
2017-05-10,47.33000183105469,47.779998779296875,46.0099983215332,46.18000030517578,819796
2017-05-11,47.83000183105469,48.220001220703125,47.34000015258789,47.38999938964844,661783
2017-05-12,47.84000015258789,48.06999969482422,47.349998474121094,47.810001373291016,537490
2017-05-15,48.849998474121094,49.65999984741211,47.75,47.849998474121094,687153
2017-05-16,48.65999984741211,49.380001068115234,48.16999816894531,48.81999969482422,589212
2017-05-17,49.06999969482422,49.5,48.029998779296875,48.22999954223633,650107
2017-05-18,49.349998474121094,49.599998474121094,48.04999923706055,48.93000030517578,242754
2017-05-19,50.33000183105469,50.529998779296875,49.279998779296875,49.279998779296875,146452
2017-05-22,50.72999954223633,51.060001373291016,50.439998626708984,50.599998474121094,564310
2017-05-23,51.470001220703125,51.790000915527344,50.56999969482422,51.040000915527344,584139
2017-05-24,51.36000061035156,51.880001068115234,51.029998779296875,51.439998626708984,736341
2017-05-25,48.900001525878906,52.0,48.45000076293945,51.25,1147389
2017-05-26,49.79999923706055,49.939998626708984,48.18000030517578,48.75,763920
2017-05-30,49.65999984741211,50.279998779296875,49.029998779296875,49.93000030517578,663486
2017-05-31,48.31999969482422,49.709999084472656,47.72999954223633,49.650001525878906,779144
2017-06-01,48.36000061035156,49.16999816894531,47.900001525878906,48.630001068115234,774478
2017-06-02,47.65999984741211,48.189998626708984,46.7400016784668,48.040000915527344,802662
2017-06-05,47.400001525878906,48.41999816894531,46.86000061035156,47.709999084472656,710199
2017-06-06,48.189998626708984,48.400001525878906,46.939998626708984,47.400001525878906,825056
2017-06-07,45.720001220703125,48.22999954223633,45.650001525878906,47.97999954223633,1182327
2017-06-08,45.63999938964844,46.18000030517578,45.20000076293945,45.849998474121094,927695
2017-06-09,45.83000183105469,46.18000030517578,45.27000045776367,45.709999084472656,735933
2017-06-12,46.08000183105469,46.709999084472656,45.65999984741211,45.79999923706055,666765
2017-06-13,46.459999084472656,46.56999969482422,45.560001373291016,46.0099983215332,783320
2017-06-14,44.72999954223633,46.4900016784668,44.540000915527344,45.939998626708984,924408
2017-06-15,44.459999084472656,44.810001373291016,44.220001220703125,44.689998626708984,500938
2017-06-16,44.7400016784668,44.939998626708984,44.2400016784668,44.25,191824
2017-06-19,44.20000076293945,45.060001373291016,44.04999923706055,44.68000030517578,123943
2017-06-20,43.22999954223633,44.400001525878906,42.75,44.11000061035156,894104
2017-06-21,42.529998779296875,44.20000076293945,42.04999923706055,43.380001068115234,1071747
2017-06-22,42.7400016784668,43.31999969482422,42.2599983215332,42.54999923706055,668830
2017-06-23,43.0099983215332,43.20000076293945,42.529998779296875,42.79999923706055,690906
2017-06-26,43.380001068115234,43.650001525878906,42.630001068115234,43.15999984741211,661354
2017-06-27,44.2400016784668,44.439998626708984,43.31999969482422,43.4900016784668,759115
2017-06-28,44.7400016784668,44.900001525878906,43.66999816894531,43.70000076293945,753375
2017-06-29,44.93000030517578,45.45000076293945,44.650001525878906,44.88999938964844,768946
2017-06-30,46.040000915527344,46.349998474121094,44.880001068115234,44.88999938964844,677408
2017-07-03,47.06999969482422,47.099998474121094,45.91999816894531,46.279998779296875,517621
2017-07-05,45.130001068115234,47.31999969482422,44.5099983215332,47.040000915527344,1173581
2017-07-06,45.52000045776367,46.529998779296875,45.18000030517578,45.650001525878906,969676
2017-07-07,44.22999954223633,45.41999816894531,43.779998779296875,45.349998474121094,975914
2017-07-10,44.400001525878906,44.84000015258789,43.650001525878906,44.349998474121094,848570
2017-07-11,45.040000915527344,45.810001373291016,43.83000183105469,44.58000183105469,1010691
2017-07-12,45.4900016784668,46.47999954223633,45.11000061035156,45.7400016784668,963505
2017-07-13,46.08000183105469,46.279998779296875,44.9900016784668,45.439998626708984,748971
2017-07-14,46.540000915527344,46.7400016784668,45.79999923706055,46.08000183105469,742895
2017-07-17,46.02000045776367,46.880001068115234,45.88999938964844,46.68000030517578,560633
2017-07-18,46.400001525878906,46.91999816894531,45.810001373291016,45.9900016784668,208420
2017-07-19,47.119998931884766,47.2599983215332,46.13999938964844,46.25,140677
2017-07-20,46.790000915527344,47.54999923706055,46.65999984741211,47.09000015258789,720621
2017-07-21,45.77000045776367,47.209999084472656,45.540000915527344,46.90999984741211,769438
2017-07-24,46.34000015258789,46.529998779296875,45.400001525878906,45.619998931884766,707910
2017-07-25,47.88999938964844,48.65999984741211,46.380001068115234,46.459999084472656,885700
2017-07-26,48.75,48.869998931884766,47.86000061035156,48.5099983215332,887864
2017-07-27,49.040000915527344,49.2400016784668,48.25,48.70000076293945,880757
2017-07-28,49.709999084472656,49.810001373291016,48.86000061035156,49.16999816894531,771225
2017-07-31,50.16999816894531,50.40999984741211,49.18000030517578,49.849998474121094,781539
2017-08-01,49.15999984741211,50.43000030517578,48.369998931884766,50.209999084472656,1008583
2017-08-02,49.59000015258789,49.650001525878906,48.54999923706055,48.79999923706055,847722
2017-08-03,49.029998779296875,49.959999084472656,48.779998779296875,49.59000015258789,837763
2017-08-04,49.58000183105469,49.63999938964844,48.5,48.95000076293945,745664
2017-08-07,49.38999938964844,49.72999954223633,48.540000915527344,49.59000015258789,831374
2017-08-08,49.16999816894531,49.790000915527344,48.86000061035156,49.310001373291016,924240
2017-08-09,49.560001373291016,49.720001220703125,48.900001525878906,49.0,858250
2017-08-10,48.59000015258789,50.220001220703125,48.349998474121094,49.68000030517578,1135440
2017-08-11,48.81999969482422,48.97999954223633,47.97999954223633,48.52000045776367,804237
2017-08-14,47.59000015258789,49.15999984741211,47.43000030517578,48.790000915527344,763241
2017-08-15,47.54999923706055,47.900001525878906,47.02000045776367,47.4900016784668,770358
2017-08-16,46.779998779296875,47.9900016784668,46.66999816894531,47.720001220703125,815544
2017-08-17,47.09000015258789,47.189998626708984,46.459999084472656,46.79999923706055,608314
2017-08-18,48.5099983215332,48.7400016784668,46.779998779296875,46.93000030517578,253069
2017-08-21,47.369998931884766,48.75,47.029998779296875,48.720001220703125,129192
2017-08-22,47.63999938964844,48.029998779296875,47.20000076293945,47.45000076293945,864387
2017-08-23,48.40999984741211,48.5,47.529998779296875,47.63999938964844,701693
2017-08-24,47.43000030517578,48.43000030517578,47.060001373291016,48.36000061035156,831358
2017-08-25,47.869998931884766,47.90999984741211,47.38999938964844,47.619998931884766,646518
2017-08-28,46.56999969482422,48.20000076293945,46.150001525878906,47.88999938964844,921285
2017-08-29,46.439998626708984,46.959999084472656,45.7599983215332,46.86000061035156,895643
2017-08-30,45.959999084472656,46.720001220703125,45.84000015258789,46.310001373291016,895643
2017-08-31,47.22999954223633,47.470001220703125,45.58000183105469,45.95000076293945,882983
2017-09-01,47.290000915527344,47.349998474121094,46.560001373291016,47.08000183105469,915708
2017-09-05,48.65999984741211,48.97999954223633,47.150001525878906,47.279998779296875,742808
2017-09-06,49.15999984741211,49.41999816894531,48.52000045776367,48.59000015258789,788963
2017-09-07,49.09000015258789,49.33000183105469,48.630001068115234,49.13999938964844,702514
2017-09-08,47.47999954223633,49.2599983215332,47.27000045776367,49.09000015258789,843760
2017-09-11,48.06999969482422,48.27000045776367,47.0,47.58000183105469,774468
2017-09-12,48.22999954223633,48.439998626708984,47.72999954223633,48.119998931884766,676040
2017-09-13,49.29999923706055,49.400001525878906,48.119998931884766,48.34000015258789,706925
2017-09-14,49.88999938964844,50.5,49.150001525878906,49.310001373291016,709035
2017-09-15,49.88999938964844,50.130001068115234,49.40999984741211,49.720001220703125,433597
2017-09-18,49.90999984741211,50.33000183105469,49.189998626708984,49.849998474121094,189605
2017-09-19,49.47999954223633,50.41999816894531,49.33000183105469,49.90999984741211,143379
2017-09-20,50.40999984741211,50.650001525878906,49.75,49.84000015258789,754413
2017-09-21,50.54999923706055,50.810001373291016,50.06999969482422,50.720001220703125,580569
2017-09-22,50.65999984741211,50.779998779296875,50.290000915527344,50.72999954223633,473795
2017-09-25,52.220001220703125,52.279998779296875,50.38999938964844,50.68000030517578,701244
2017-09-26,51.880001068115234,52.43000030517578,51.43000030517578,52.119998931884766,709515
2017-09-27,52.13999938964844,52.34000015258789,51.630001068115234,52.09000015258789,637035
2017-09-28,51.560001373291016,52.86000061035156,51.220001220703125,52.04999923706055,801816
2017-09-29,51.66999816894531,51.77000045776367,51.25,51.58000183105469,551982
2017-10-02,50.58000183105469,51.709999084472656,50.06999969482422,51.63999938964844,600933
2017-10-03,50.41999816894531,50.72999954223633,50.13999938964844,50.59000015258789,462735
2017-10-04,49.97999954223633,50.66999816894531,49.7599983215332,50.15999984741211,598836
2017-10-05,50.790000915527344,51.220001220703125,49.849998474121094,49.880001068115234,654385
2017-10-06,49.290000915527344,50.81999969482422,49.099998474121094,50.75,743114
2017-10-09,49.58000183105469,49.790000915527344,49.130001068115234,49.25,505079
2017-10-10,50.91999816894531,51.060001373291016,49.540000915527344,49.54999923706055,664839
2017-10-11,51.29999923706055,51.41999816894531,50.61000061035156,50.939998626708984,651948
2017-10-12,50.599998474121094,51.130001068115234,50.150001525878906,51.0,729273
2017-10-13,51.45000076293945,51.720001220703125,50.70000076293945,50.72999954223633,667497
2017-10-16,51.869998931884766,52.369998931884766,51.349998474121094,51.43000030517578,520725
2017-10-17,51.880001068115234,52.25,51.209999084472656,51.93000030517578,471612
2017-10-18,52.040000915527344,52.33000183105469,51.689998626708984,51.939998626708984,152620
2017-10-19,51.290000915527344,52.16999816894531,51.06999969482422,52.04999923706055,127413
2017-10-20,51.470001220703125,51.72999954223633,50.70000076293945,51.41999816894531,674142
2017-10-23,51.900001525878906,52.29999923706055,51.68000030517578,52.06999969482422,583563
2017-10-24,52.470001220703125,52.619998931884766,51.54999923706055,51.88999938964844,709553
2017-10-25,52.18000030517578,52.56999969482422,51.88999938964844,52.560001373291016,681739
2017-10-26,52.63999938964844,52.86000061035156,51.90999984741211,52.189998626708984,594647
2017-10-27,53.900001525878906,54.20000076293945,52.25,52.79999923706055,730915
2017-10-30,54.150001525878906,54.459999084472656,53.75,54.15999984741211,565043
2017-10-31,54.380001068115234,54.849998474121094,53.93000030517578,54.08000183105469,497295
2017-11-01,54.29999923706055,55.220001220703125,53.88999938964844,54.650001525878906,671038
2017-11-02,54.540000915527344,54.84000015258789,53.9900016784668,54.279998779296875,482846
2017-11-03,55.63999938964844,55.7599983215332,54.400001525878906,54.72999954223633,614159
2017-11-06,57.349998474121094,57.61000061035156,55.65999984741211,55.970001220703125,861713
2017-11-07,57.20000076293945,57.689998626708984,56.83000183105469,57.27000045776367,750187
2017-11-08,56.810001373291016,57.91999816894531,56.40999984741211,56.959999084472656,919147
2017-11-09,57.16999816894531,57.529998779296875,56.689998626708984,56.849998474121094,666949
2017-11-10,56.7400016784668,57.349998474121094,56.54999923706055,57.02000045776367,541296
2017-11-13,56.7599983215332,57.150001525878906,56.29999923706055,56.900001525878906,631619
2017-11-14,55.70000076293945,56.77000045776367,54.810001373291016,56.720001220703125,707338
2017-11-15,55.33000183105469,55.560001373291016,54.880001068115234,55.060001373291016,501385
2017-11-16,55.13999938964844,55.619998931884766,54.93000030517578,55.29999923706055,213923
2017-11-17,56.54999923706055,56.68000030517578,55.18000030517578,55.25,184944
2017-11-20,56.09000015258789,56.7599983215332,55.56999969482422,56.689998626708984,593241
2017-11-21,56.83000183105469,57.220001220703125,56.31999969482422,56.380001068115234,619066
2017-11-22,58.02000045776367,58.150001525878906,57.029998779296875,57.119998931884766,837411
2017-11-24,58.95000076293945,59.04999923706055,57.75,58.04999923706055,577826
2017-11-27,58.11000061035156,58.9900016784668,57.54999923706055,58.95000076293945,690078
2017-11-28,57.9900016784668,58.11000061035156,57.41999816894531,57.86000061035156,546526
2017-11-29,57.29999923706055,58.29999923706055,56.75,57.72999954223633,741564
2017-11-30,57.400001525878906,57.97999954223633,56.81999969482422,57.40999984741211,735128
2017-12-01,58.36000061035156,58.880001068115234,57.290000915527344,57.41999816894531,685215
2017-12-04,57.470001220703125,58.34000015258789,57.349998474121094,58.31999969482422,529965
2017-12-05,57.619998931884766,57.91999816894531,57.08000183105469,57.47999954223633,499245
2017-12-06,55.959999084472656,57.56999969482422,55.869998931884766,57.45000076293945,678992
2017-12-07,56.689998626708984,56.779998779296875,55.81999969482422,56.0,557325
2017-12-08,57.36000061035156,57.790000915527344,56.540000915527344,56.650001525878906,681599
2017-12-11,57.9900016784668,58.08000183105469,56.90999984741211,57.25,606724
2017-12-12,57.13999938964844,58.560001373291016,56.849998474121094,58.02000045776367,826488
2017-12-13,56.599998474121094,57.83000183105469,56.54999923706055,57.45000076293945,658143
2017-12-14,57.040000915527344,57.220001220703125,56.09000015258789,56.70000076293945,580571
2017-12-15,57.29999923706055,57.4900016784668,56.939998626708984,57.150001525878906,210054
2017-12-18,57.15999984741211,57.779998779296875,56.81999969482422,57.369998931884766,137151
2017-12-19,57.459999084472656,57.63999938964844,57.15999984741211,57.29999923706055,420784
2017-12-20,58.09000015258789,58.119998931884766,57.439998626708984,57.65999984741211,420844
2017-12-21,58.36000061035156,58.380001068115234,57.630001068115234,58.02000045776367,405320
2017-12-22,58.470001220703125,58.5,57.869998931884766,58.209999084472656,324554
2017-12-26,59.970001220703125,60.0099983215332,58.31999969482422,58.400001525878906,437785
2017-12-27,59.63999938964844,59.93000030517578,59.33000183105469,59.790000915527344,402396
2017-12-28,59.84000015258789,59.939998626708984,59.439998626708984,59.529998779296875,345962
2017-12-29,60.41999816894531,60.5099983215332,59.81999969482422,59.90999984741211,464478
2018-01-02,60.369998931884766,60.7400016784668,60.099998474121094,60.20000076293945,510313
2018-01-03,61.630001068115234,61.970001220703125,60.279998779296875,60.38999938964844,673859
2018-01-04,62.0099983215332,62.209999084472656,61.59000015258789,61.959999084472656,654363
2018-01-05,61.439998626708984,62.040000915527344,61.09000015258789,61.900001525878906,563036
2018-01-08,61.72999954223633,61.970001220703125,61.34000015258789,61.61000061035156,616474
2018-01-09,62.959999084472656,63.47999954223633,61.79999923706055,61.91999816894531,844720
2018-01-10,63.56999969482422,63.66999816894531,63.09000015258789,63.40999984741211,697844
2018-01-11,63.79999923706055,64.7699966430664,63.43000030517578,63.5,876642
2018-01-12,64.30000305175781,64.5,63.060001373291016,63.56999969482422,678727
2018-01-16,63.72999954223633,64.88999938964844,63.38999938964844,64.43000030517578,867771
2018-01-17,63.970001220703125,64.16999816894531,63.310001373291016,63.88999938964844,444384
2018-01-18,63.95000076293945,64.3499984741211,63.470001220703125,64.06999969482422,204504
2018-01-19,63.369998931884766,63.77000045776367,62.849998474121094,63.7400016784668,142711
2018-01-22,63.4900016784668,64.13999938964844,63.16999816894531,63.61000061035156,625662
2018-01-23,64.47000122070312,64.87999725341797,63.70000076293945,63.880001068115234,662456
2018-01-24,65.61000061035156,66.05000305175781,64.33999633789062,64.41999816894531,887018
2018-01-25,65.51000213623047,66.66000366210938,65.08000183105469,65.87999725341797,771758
2018-01-26,66.13999938964844,66.3499984741211,64.91000366210938,65.25,678186
2018-01-29,65.55999755859375,66.45999908447266,64.9800033569336,66.18000030517578,656168
2018-01-30,64.5,65.55999755859375,63.88999938964844,65.52999877929688,688380
2018-01-31,64.7300033569336,64.94000244140625,63.66999816894531,64.02999877929688,613258
2018-02-01,65.80000305175781,66.25,64.62999725341797,64.76000213623047,685750
2018-02-02,65.44999694824219,66.30000305175781,64.47000122070312,65.98999786376953,857572
2018-02-05,64.1500015258789,65.4000015258789,63.41999816894531,65.0999984741211,891063
2018-02-06,63.38999938964844,64.29000091552734,63.119998931884766,63.43000030517578,797814
2018-02-07,61.790000915527344,64.18000030517578,61.25,63.91999816894531,1029408
2018-02-08,61.150001525878906,62.09000015258789,60.27000045776367,61.70000076293945,929578
2018-02-09,59.20000076293945,60.77000045776367,58.06999969482422,60.43000030517578,933307
2018-02-12,59.290000915527344,60.83000183105469,59.099998474121094,59.119998931884766,736917
2018-02-13,59.189998626708984,59.72999954223633,58.38999938964844,59.349998474121094,580600
2018-02-14,60.599998474121094,60.900001525878906,58.20000076293945,58.97999954223633,650324
2018-02-15,61.34000015258789,61.63999938964844,59.720001220703125,60.709999084472656,340401
2018-02-16,61.68000030517578,61.9900016784668,60.880001068115234,61.45000076293945,181179
2018-02-20,61.900001525878906,62.7400016784668,61.58000183105469,61.630001068115234,794481
2018-02-21,61.68000030517578,61.86000061035156,60.91999816894531,61.630001068115234,466924
2018-02-22,62.77000045776367,63.09000015258789,60.75,61.34000015258789,592603
2018-02-23,63.54999923706055,63.72999954223633,62.33000183105469,62.599998474121094,460597
2018-02-26,63.90999984741211,64.23999786376953,63.060001373291016,63.599998474121094,469853
2018-02-27,63.0099983215332,64.08000183105469,62.63999938964844,64.05999755859375,562670
2018-02-28,61.63999938964844,63.439998626708984,61.36000061035156,62.790000915527344,768409
2018-03-01,60.9900016784668,61.83000183105469,60.18000030517578,61.54999923706055,812505
2018-03-02,61.25,61.599998474121094,60.130001068115234,61.34000015258789,613514
2018-03-05,62.56999969482422,62.790000915527344,61.099998474121094,61.54999923706055,599266
2018-03-06,62.599998474121094,63.279998779296875,62.16999816894531,62.58000183105469,634953
2018-03-07,61.150001525878906,62.58000183105469,60.58000183105469,62.29999923706055,879119
2018-03-08,60.119998931884766,61.400001525878906,59.95000076293945,61.33000183105469,720510
2018-03-09,62.040000915527344,62.18000030517578,60.13999938964844,60.27000045776367,659722
2018-03-12,61.36000061035156,62.33000183105469,60.66999816894531,62.099998474121094,537990
2018-03-13,60.709999084472656,61.970001220703125,60.27000045776367,61.369998931884766,747738
2018-03-14,60.959999084472656,61.33000183105469,60.11000061035156,60.869998931884766,665017
2018-03-15,61.189998626708984,61.540000915527344,60.81999969482422,60.95000076293945,430201
2018-03-16,62.34000015258789,62.540000915527344,61.08000183105469,61.189998626708984,202493
2018-03-19,62.060001373291016,62.349998474121094,61.36000061035156,62.22999954223633,115962
2018-03-20,63.400001525878906,63.810001373291016,62.08000183105469,62.099998474121094,717709
2018-03-21,65.16999816894531,65.55000305175781,63.58000183105469,63.720001220703125,763768
2018-03-22,64.30000305175781,65.73999786376953,64.13999938964844,65.5,689172
2018-03-23,65.87999725341797,66.0,64.11000061035156,64.27999877929688,752994
2018-03-26,65.55000305175781,66.55000305175781,65.08000183105469,65.9000015258789,585899
2018-03-27,65.25,66.41000366210938,64.52999877929688,65.52999877929688,670811
2018-03-28,64.37999725341797,65.12999725341797,63.720001220703125,64.69999694824219,697678
2018-03-29,64.94000244140625,65.26000213623047,64.16000366210938,64.69000244140625,562819
2018-04-02,63.0099983215332,65.41999816894531,62.79999923706055,64.91000366210938,582742
2018-04-03,63.5099983215332,63.86000061035156,62.86000061035156,62.88999938964844,527289
2018-04-04,63.369998931884766,63.63999938964844,62.060001373291016,63.59000015258789,760596
2018-04-05,63.540000915527344,64.12000274658203,63.06999969482422,63.599998474121094,588597
2018-04-06,62.060001373291016,63.790000915527344,61.810001373291016,63.70000076293945,753262
2018-04-09,63.41999816894531,63.61000061035156,61.93000030517578,62.0,655831
2018-04-10,65.51000213623047,65.86000061035156,63.20000076293945,63.29999923706055,840280
2018-04-11,66.81999969482422,67.44999694824219,65.1500015258789,65.58999633789062,963017
2018-04-12,67.06999969482422,67.33000183105469,66.0,66.75,687468
2018-04-13,67.38999938964844,67.76000213623047,66.69999694824219,67.18000030517578,624203
2018-04-16,66.22000122070312,67.73999786376953,66.12999725341797,67.23999786376953,560076
2018-04-17,66.5199966430664,66.75,65.55999755859375,66.41999816894531,486076
2018-04-18,68.47000122070312,68.91000366210938,66.55999755859375,66.68000030517578,221664
2018-04-19,68.29000091552734,69.55999755859375,67.9800033569336,68.75,125993
2018-04-20,68.37999725341797,68.62000274658203,67.5,68.26000213623047,724906
2018-04-23,68.63999938964844,69.02999877929688,67.13999938964844,68.22000122070312,740941
2018-04-24,67.69999694824219,69.37999725341797,67.54000091552734,68.94999694824219,832296
2018-04-25,68.05000305175781,68.18000030517578,67.11000061035156,67.75,764049
2018-04-26,68.19000244140625,68.77999877929688,67.70999908447266,68.02999877929688,660549
2018-04-27,68.0999984741211,68.36000061035156,67.63999938964844,68.20999908447266,542549
2018-04-30,68.56999969482422,69.33999633789062,67.16999816894531,68.1500015258789,755186
2018-05-01,67.25,68.9000015258789,66.8499984741211,68.55999755859375,694771
2018-05-02,67.93000030517578,68.13999938964844,66.91999816894531,67.48999786376953,789367
2018-05-03,68.43000030517578,68.5999984741211,67.20999908447266,67.68000030517578,691219
2018-05-04,69.72000122070312,69.97000122070312,68.12000274658203,68.5,690876
2018-05-07,70.7300033569336,70.83999633789062,69.51000213623047,69.8499984741211,758916
2018-05-08,69.05999755859375,70.4000015258789,67.62999725341797,70.02999877929688,1253566
2018-05-09,71.13999938964844,71.36000061035156,69.8499984741211,70.05000305175781,863386
2018-05-10,71.36000061035156,71.88999938964844,70.55999755859375,71.2300033569336,749808
2018-05-11,70.69999694824219,71.62999725341797,70.44999694824219,71.44999694824219,634145
2018-05-14,70.95999908447266,71.26000213623047,70.26000213623047,70.54000091552734,592826
2018-05-15,71.30999755859375,71.91999816894531,70.41999816894531,71.1500015258789,815289
2018-05-16,71.48999786376953,71.58999633789062,70.66000366210938,71.0199966430664,574279
2018-05-17,71.48999786376953,72.30000305175781,71.08999633789062,71.55999755859375,562639
2018-05-18,71.27999877929688,71.75,70.98999786376953,71.5999984741211,211785
2018-05-21,72.23999786376953,72.58999633789062,71.25,71.47000122070312,119892
2018-05-22,72.12999725341797,72.83000183105469,71.9000015258789,72.52999877929688,723458
2018-05-23,71.83999633789062,72.26000213623047,71.19000244140625,72.11000061035156,702791
2018-05-24,70.70999908447266,72.0,70.5199966430664,71.83000183105469,640725
2018-05-25,67.87999725341797,70.80000305175781,67.41999816894531,70.6500015258789,955354
2018-05-29,66.7300033569336,67.3499984741211,65.91999816894531,66.48999786376953,1059750
2018-05-30,68.20999908447266,68.66999816894531,66.3499984741211,66.8499984741211,726886
2018-05-31,67.04000091552734,68.30000305175781,66.55999755859375,68.23999786376953,917563
2018-06-01,65.80999755859375,67.33999633789062,65.51000213623047,67.06999969482422,781103
2018-06-04,64.75,66.04000091552734,64.56999969482422,65.70999908447266,696050
2018-06-05,65.5199966430664,65.56999969482422,64.22000122070312,64.94000244140625,714674
2018-06-06,64.7300033569336,65.95999908447266,64.2699966430664,65.51000213623047,708829
2018-06-07,65.94999694824219,66.06999969482422,64.80999755859375,65.06999969482422,675041
2018-06-08,65.73999786376953,66.23999786376953,65.1500015258789,65.9800033569336,571224
2018-06-11,66.0999984741211,66.3499984741211,64.8499984741211,65.55999755859375,558281
2018-06-12,66.36000061035156,66.69999694824219,65.87000274658203,66.05000305175781,524411
2018-06-13,66.63999938964844,66.88999938964844,65.5199966430664,66.01000213623047,626398
2018-06-14,66.88999938964844,67.16000366210938,66.36000061035156,66.62000274658203,460168
2018-06-15,65.05999755859375,67.16000366210938,64.29000091552734,66.62000274658203,512591
2018-06-18,65.8499984741211,65.9800033569336,63.59000015258789,64.4000015258789,218933
2018-06-19,65.06999969482422,65.9000015258789,64.38999938964844,65.81999969482422,122646
2018-06-20,66.22000122070312,66.52999877929688,65.01000213623047,65.11000061035156,801625
2018-06-21,65.54000091552734,66.22000122070312,64.33999633789062,65.33999633789062,760719
2018-06-22,68.58000183105469,69.37999725341797,65.70999908447266,65.93000030517578,1136232
2018-06-25,68.08000183105469,69.44000244140625,67.77999877929688,68.75,816207
2018-06-26,70.52999877929688,70.91000366210938,67.72000122070312,68.20999908447266,848537
2018-06-27,72.76000213623047,73.05999755859375,70.55999755859375,70.68000030517578,775155
2018-06-28,73.44999694824219,74.02999877929688,72.19999694824219,72.2699966430664,717347
2018-06-29,74.1500015258789,74.45999908447266,72.93000030517578,73.33000183105469,602399
2018-07-02,73.94000244140625,74.3499984741211,72.51000213623047,73.62000274658203,652167
2018-07-03,74.13999938964844,75.2699966430664,72.7300033569336,74.08000183105469,667235
2018-07-05,72.94000244140625,74.80000305175781,72.52999877929688,74.3499984741211,841632
2018-07-06,73.80000305175781,74.01000213623047,72.13999938964844,73.16000366210938,611419
2018-07-09,73.8499984741211,74.27999877929688,72.98999786376953,73.87000274658203,533003
2018-07-10,74.11000061035156,74.69999694824219,73.6500015258789,74.04000091552734,586829
2018-07-11,70.37999725341797,74.26000213623047,70.0199966430664,74.19999694824219,861726
2018-07-12,70.33000183105469,71.23999786376953,69.2300033569336,70.5999984741211,707887
2018-07-13,71.01000213623047,71.66000366210938,69.83999633789062,70.37999725341797,530277
2018-07-16,68.05999755859375,70.87000274658203,67.58000183105469,70.5199966430664,530480
2018-07-17,68.08000183105469,68.44000244140625,67.02999877929688,68.02999877929688,440727
2018-07-18,68.76000213623047,69.05999755859375,67.04000091552734,67.61000061035156,187313
2018-07-19,69.45999908447266,70.16999816894531,67.80000305175781,69.0,103220
2018-07-20,70.45999908447266,71.0999984741211,69.37000274658203,69.38999938964844,500967
2018-07-23,67.88999938964844,69.30999755859375,67.5999984741211,68.16999816894531,555915
2018-07-24,68.5199966430664,69.05000305175781,67.55999755859375,67.80000305175781,524591
2018-07-25,69.30000305175781,69.69999694824219,68.19999694824219,68.7699966430664,622913
2018-07-26,69.61000061035156,69.91999816894531,68.91999816894531,69.37999725341797,489059
2018-07-27,68.69000244140625,69.7699966430664,68.26000213623047,69.58000183105469,460450
2018-07-30,70.12999725341797,70.43000030517578,68.80000305175781,69.01000213623047,463011
2018-07-31,68.76000213623047,70.22000122070312,67.9800033569336,70.05000305175781,519070
2018-08-01,67.66000366210938,68.5199966430664,67.30999755859375,68.43000030517578,576561
2018-08-02,68.95999908447266,69.36000061035156,66.91999816894531,67.86000061035156,531071
2018-08-03,68.48999786376953,69.23999786376953,67.87000274658203,68.98999786376953,476615
2018-08-06,69.01000213623047,69.91999816894531,68.5,68.6500015258789,495605
2018-08-07,69.16999816894531,69.83000183105469,68.80999755859375,68.9000015258789,485027
2018-08-08,66.94000244140625,69.37000274658203,66.31999969482422,69.08999633789062,760313
2018-08-09,66.80999755859375,67.41000366210938,66.48999786376953,66.79000091552734,509401
2018-08-10,67.62999725341797,67.87000274658203,66.13999938964844,66.73999786376953,524490
2018-08-13,67.19999694824219,67.94999694824219,65.70999908447266,67.77999877929688,578219
2018-08-14,67.04000091552734,68.37000274658203,66.58000183105469,67.41999816894531,538484
2018-08-15,65.01000213623047,66.9000015258789,64.51000213623047,66.62000274658203,573473
2018-08-16,65.45999908447266,65.5199966430664,64.43000030517578,64.94999694824219,383380
2018-08-17,65.91000366210938,66.38999938964844,65.30000305175781,65.47000122070312,171403
2018-08-20,66.43000030517578,66.68000030517578,65.58999633789062,65.91000366210938,112709
2018-08-21,67.3499984741211,68.0999984741211,66.5199966430664,66.62000274658203,437164
2018-08-22,67.86000061035156,68.1500015258789,65.9800033569336,66.08000183105469,581899
2018-08-23,67.83000183105469,68.12000274658203,67.31999969482422,68.06999969482422,450690
2018-08-24,68.72000122070312,69.30999755859375,67.77999877929688,67.9000015258789,517796
2018-08-27,68.87000274658203,68.97000122070312,68.33999633789062,68.56999969482422,332612
2018-08-28,68.52999877929688,69.19999694824219,68.20999908447266,68.93000030517578,426833
2018-08-29,69.51000213623047,69.76000213623047,68.37000274658203,68.54000091552734,497095
2018-08-30,70.25,70.5,69.55000305175781,69.70999908447266,445584
2018-08-31,69.80000305175781,70.36000061035156,69.63999938964844,70.05999755859375,419739
2018-09-04,69.87000274658203,71.4000015258789,69.08000183105469,70.12000274658203,785981
2018-09-05,68.72000122070312,69.58999633789062,68.55999755859375,69.43000030517578,542104
2018-09-06,67.7699966430664,69.0199966430664,67.0,68.63999938964844,633824
2018-09-07,67.75,68.08000183105469,66.86000061035156,67.87999725341797,530895
2018-09-10,67.54000091552734,68.5199966430664,67.33000183105469,67.81999969482422,571174
2018-09-11,69.25,70.01000213623047,67.4800033569336,67.52999877929688,676869
2018-09-12,70.37000274658203,71.26000213623047,69.5,69.88999938964844,800543
2018-09-13,68.58999633789062,70.27999877929688,68.3499984741211,70.23999786376953,684937
2018-09-14,68.98999786376953,69.91000366210938,67.94000244140625,68.79000091552734,611075
2018-09-17,68.91000366210938,69.72000122070312,68.52999877929688,68.93000030517578,422294
2018-09-18,69.8499984741211,70.41999816894531,68.52999877929688,68.80000305175781,234202
2018-09-19,71.12000274658203,71.5,69.6500015258789,69.70999908447266,125208
2018-09-20,70.80000305175781,71.80999755859375,70.7300033569336,71.38999938964844,607520
2018-09-21,70.77999877929688,71.80000305175781,69.9800033569336,70.19999694824219,855943
2018-09-24,72.08000183105469,72.73999786376953,71.13999938964844,71.13999938964844,576894
2018-09-25,72.27999877929688,72.77999877929688,71.88999938964844,72.25,551280
2018-09-26,71.56999969482422,72.37999725341797,71.47000122070312,72.08999633789062,464463
2018-09-27,72.12000274658203,72.5999984741211,71.70999908447266,72.01000213623047,454549
2018-09-28,73.25,73.7300033569336,71.87999725341797,72.18000030517578,544047
2018-10-01,75.30000305175781,75.7699966430664,72.94999694824219,73.29000091552734,601451
2018-10-02,75.2300033569336,75.91000366210938,74.93000030517578,75.41999816894531,463615
2018-10-03,76.41000366210938,76.9000015258789,74.30000305175781,75.12000274658203,698817
2018-10-04,74.33000183105469,76.47000122070312,73.87999725341797,76.18000030517578,687949
2018-10-05,74.33999633789062,75.22000122070312,73.83999633789062,74.66999816894531,613218
2018-10-08,74.29000091552734,74.58000183105469,73.06999969482422,74.4000015258789,554938
2018-10-09,74.95999908447266,75.27999877929688,74.0,74.20999908447266,623537
2018-10-10,73.16999816894531,75.08000183105469,72.37999725341797,74.66000366210938,652737
2018-10-11,70.97000122070312,72.76000213623047,70.51000213623047,72.68000030517578,783962
2018-10-12,71.33999633789062,72.01000213623047,70.63999938964844,70.98999786376953,626668
2018-10-15,71.77999877929688,72.69999694824219,70.8499984741211,71.8499984741211,568610
2018-10-16,71.91999816894531,72.29000091552734,71.0199966430664,71.72000122070312,535003
2018-10-17,69.75,72.43000030517578,69.43000030517578,72.16999816894531,651584
2018-10-18,68.6500015258789,70.02999877929688,68.47000122070312,70.02999877929688,215337
2018-10-19,69.12000274658203,69.7699966430664,68.55999755859375,68.68000030517578,108311
2018-10-22,69.16999816894531,69.6500015258789,68.2699966430664,69.41000366210938,513770
2018-10-23,66.43000030517578,69.66000366210938,65.73999786376953,69.55000305175781,853265
2018-10-24,66.81999969482422,67.72000122070312,66.05000305175781,66.16999816894531,775963
2018-10-25,67.33000183105469,67.6500015258789,65.98999786376953,66.36000061035156,573096
2018-10-26,67.58999633789062,67.87999725341797,66.19999694824219,66.94999694824219,595211
2018-10-29,67.04000091552734,67.94999694824219,66.29000091552734,67.55000305175781,477487
2018-10-30,66.18000030517578,67.26000213623047,65.33000183105469,66.68000030517578,680441
2018-10-31,65.30999755859375,67.0,64.80999755859375,66.31999969482422,666487
2018-11-01,63.689998626708984,65.38999938964844,63.11000061035156,64.87999725341797,790286
2018-11-02,63.13999938964844,63.95000076293945,62.630001068115234,63.5,708906
2018-11-05,63.099998474121094,64.13999938964844,62.52000045776367,62.9900016784668,609129
2018-11-06,62.209999084472656,63.31999969482422,61.310001373291016,62.70000076293945,761240
2018-11-07,61.66999816894531,63.18000030517578,61.20000076293945,61.7400016784668,866628
2018-11-08,60.66999816894531,62.41999816894531,60.400001525878906,61.63999938964844,764546
2018-11-09,60.189998626708984,60.790000915527344,59.2599983215332,60.75,821729
2018-11-12,59.93000030517578,61.279998779296875,58.68000030517578,60.70000076293945,806219
2018-11-13,55.689998626708984,59.349998474121094,54.75,58.880001068115234,1095643
2018-11-14,56.25,57.369998931884766,55.130001068115234,55.27000045776367,844696
2018-11-15,56.459999084472656,57.2599983215332,55.59000015258789,56.02000045776367,256499
2018-11-16,56.459999084472656,57.959999084472656,55.88999938964844,56.58000183105469,159001
2018-11-19,56.7599983215332,57.33000183105469,55.08000183105469,56.720001220703125,699684
2018-11-20,53.43000030517578,57.439998626708984,52.77000045776367,57.38999938964844,983120
2018-11-21,54.630001068115234,55.86000061035156,53.38999938964844,53.38999938964844,734277
2018-11-23,50.41999816894531,54.119998931884766,50.150001525878906,53.869998931884766,1014667
2018-11-26,51.630001068115234,52.25,50.099998474121094,50.619998931884766,663108
2018-11-27,51.560001373291016,52.380001068115234,50.29999923706055,51.540000915527344,764010
2018-11-28,50.290000915527344,52.560001373291016,50.060001373291016,52.09000015258789,831688
2018-11-29,51.45000076293945,52.20000076293945,49.40999984741211,50.310001373291016,812721
2018-11-30,50.93000030517578,51.790000915527344,49.650001525878906,51.27000045776367,796714
2018-12-03,52.95000076293945,53.849998474121094,52.029998779296875,52.45000076293945,758010
2018-12-04,53.25,54.54999923706055,52.43000030517578,53.130001068115234,738130
2018-12-06,51.4900016784668,53.29999923706055,50.08000183105469,52.93000030517578,987266
2018-12-07,52.61000061035156,54.220001220703125,50.599998474121094,51.7599983215332,987717
2018-12-10,51.0,52.810001373291016,50.529998779296875,52.029998779296875,733225
2018-12-11,51.650001525878906,52.43000030517578,50.70000076293945,50.88999938964844,665262
2018-12-12,51.150001525878906,52.880001068115234,50.939998626708984,51.95000076293945,730810
2018-12-13,52.58000183105469,53.27000045776367,50.349998474121094,51.20000076293945,733627
2018-12-14,51.20000076293945,52.95000076293945,50.84000015258789,52.83000183105469,526839
2018-12-17,49.880001068115234,51.869998931884766,49.0099983215332,51.25,211257
2018-12-18,46.2400016784668,49.59000015258789,45.790000915527344,49.15999984741211,120101
2018-12-19,47.20000076293945,48.0,45.93000030517578,45.93000030517578,817721
2018-12-20,45.880001068115234,47.5099983215332,45.66999816894531,47.38999938964844,794130
2018-12-21,45.59000015258789,46.77000045776367,45.130001068115234,46.25,694003
2018-12-24,42.529998779296875,46.2400016784668,42.36000061035156,45.45000076293945,415859
2018-12-26,46.220001220703125,47.0,42.52000045776367,42.849998474121094,698408
2018-12-27,44.61000061035156,46.70000076293945,44.369998931884766,46.58000183105469,665590
2018-12-28,45.33000183105469,46.220001220703125,44.41999816894531,45.439998626708984,564385
2018-12-31,45.40999984741211,46.529998779296875,44.72999954223633,45.220001220703125,476970
2019-01-02,46.540000915527344,47.779998779296875,44.349998474121094,45.79999923706055,850480
2019-01-03,47.09000015258789,47.4900016784668,45.349998474121094,46.2599983215332,788718
2019-01-04,47.959999084472656,49.220001220703125,46.650001525878906,46.900001525878906,817277
2019-01-07,48.52000045776367,49.790000915527344,48.11000061035156,48.29999923706055,819939
2019-01-08,49.779998779296875,49.95000076293945,48.310001373291016,48.72999954223633,765981
2019-01-09,52.36000061035156,52.58000183105469,49.709999084472656,49.79999923706055,891922
2019-01-10,52.59000015258789,52.779998779296875,51.369998931884766,52.18000030517578,821782
2019-01-11,51.59000015258789,53.310001373291016,51.18000030517578,52.279998779296875,812339
2019-01-14,50.5099983215332,52.11000061035156,50.380001068115234,51.72999954223633,791527
2019-01-15,52.11000061035156,52.29999923706055,50.63999938964844,50.779998779296875,664183
2019-01-16,52.310001373291016,52.52000045776367,51.2599983215332,52.0,694182
2019-01-17,52.06999969482422,52.58000183105469,50.97999954223633,52.29999923706055,288560
2019-01-18,53.79999923706055,53.91999816894531,52.09000015258789,52.22999954223633,193099
2019-01-22,52.56999969482422,54.2400016784668,51.79999923706055,53.72999954223633,951158
2019-01-23,52.619998931884766,53.63999938964844,51.86000061035156,52.95000076293945,702866
2019-01-24,53.130001068115234,53.470001220703125,52.06999969482422,52.45000076293945,714415
2019-01-25,53.689998626708984,53.939998626708984,52.90999984741211,53.16999816894531,593385
2019-01-28,51.9900016784668,53.63999938964844,51.33000183105469,53.560001373291016,650667
2019-01-29,53.310001373291016,53.93000030517578,51.84000015258789,52.119998931884766,660527
2019-01-30,54.22999954223633,54.93000030517578,53.09000015258789,53.2400016784668,731312
2019-01-31,53.790000915527344,55.369998931884766,53.619998931884766,54.279998779296875,718650
2019-02-01,55.2599983215332,55.65999984741211,53.369998931884766,54.0099983215332,689566
2019-02-04,54.560001373291016,55.75,53.290000915527344,55.31999969482422,622472
2019-02-05,53.65999984741211,55.209999084472656,53.470001220703125,54.86000061035156,609756
2019-02-06,54.0099983215332,54.29999923706055,52.86000061035156,53.72999954223633,606720
2019-02-07,52.63999938964844,54.209999084472656,51.79999923706055,53.939998626708984,749010
2019-02-08,52.720001220703125,52.9900016784668,52.08000183105469,52.59000015258789,621003
2019-02-11,52.40999984741211,52.779998779296875,51.22999954223633,52.65999984741211,750242
2019-02-12,53.099998474121094,54.04999923706055,52.290000915527344,52.470001220703125,708312
2019-02-13,53.900001525878906,54.599998474121094,53.27000045776367,53.349998474121094,706552
2019-02-14,54.40999984741211,54.68000030517578,53.08000183105469,53.959999084472656,623546
2019-02-15,55.59000015258789,55.869998931884766,54.2400016784668,54.47999954223633,276907
2019-02-19,56.09000015258789,56.33000183105469,55.290000915527344,55.779998779296875,153728
2019-02-20,56.91999816894531,57.54999923706055,55.47999954223633,55.939998626708984,685111
2019-02-21,56.959999084472656,57.61000061035156,56.63999938964844,57.2400016784668,546202
2019-02-22,57.2599983215332,57.810001373291016,56.709999084472656,56.84000015258789,513439
2019-02-25,55.47999954223633,57.529998779296875,55.08000183105469,57.16999816894531,723012
2019-02-26,55.5,56.08000183105469,55.02000045776367,55.459999084472656,538919
2019-02-27,56.939998626708984,57.38999938964844,55.720001220703125,55.95000076293945,577227
2019-02-28,57.220001220703125,57.43000030517578,56.43000030517578,57.0,496678
2019-03-01,55.79999923706055,57.880001068115234,55.56999969482422,57.220001220703125,684186
2019-03-04,56.59000015258789,57.0,55.810001373291016,55.83000183105469,549396
2019-03-05,56.560001373291016,57.189998626708984,56.09000015258789,56.45000076293945,538399
2019-03-06,56.220001220703125,56.400001525878906,55.41999816894531,56.279998779296875,637677
2019-03-07,56.65999984741211,56.9900016784668,56.08000183105469,56.20000076293945,628824
2019-03-08,56.06999969482422,56.5099983215332,54.52000045776367,56.43000030517578,747358
2019-03-11,56.790000915527344,57.0099983215332,55.959999084472656,56.06999969482422,597156
2019-03-12,56.869998931884766,57.54999923706055,56.7400016784668,56.7599983215332,652798
2019-03-13,58.2599983215332,58.47999954223633,57.0099983215332,57.09000015258789,610616
2019-03-14,58.61000061035156,58.7400016784668,58.0,58.349998474121094,567604
2019-03-15,58.52000045776367,58.95000076293945,57.7400016784668,58.5099983215332,507393
2019-03-18,59.09000015258789,59.22999954223633,58.04999923706055,58.45000076293945,157241
2019-03-19,59.029998779296875,59.56999969482422,58.619998931884766,59.0099983215332,114822
2019-03-20,59.83000183105469,60.119998931884766,58.38999938964844,59.02000045776367,786342
2019-03-21,59.97999954223633,60.38999938964844,59.65999984741211,59.9900016784668,655380
2019-03-22,59.040000915527344,60.06999969482422,58.279998779296875,59.869998931884766,738840
2019-03-25,58.81999969482422,59.349998474121094,58.16999816894531,58.97999954223633,705399
2019-03-26,59.939998626708984,60.380001068115234,59.040000915527344,59.119998931884766,685988
2019-03-27,59.40999984741211,60.220001220703125,58.810001373291016,60.029998779296875,732150
2019-03-28,59.29999923706055,59.560001373291016,58.20000076293945,59.400001525878906,712209
2019-03-29,60.13999938964844,60.72999954223633,59.40999984741211,59.529998779296875,705559
2019-04-01,61.59000015258789,61.79999923706055,60.130001068115234,60.2400016784668,670808
2019-04-02,62.58000183105469,62.75,61.599998474121094,61.810001373291016,793227
2019-04-03,62.459999084472656,62.9900016784668,62.04999923706055,62.63999938964844,799672
2019-04-04,62.099998474121094,62.77000045776367,61.88999938964844,62.5,684973
2019-04-05,63.08000183105469,63.34000015258789,61.81999969482422,62.18000030517578,686862
2019-04-08,64.4000015258789,64.4800033569336,63.130001068115234,63.33000183105469,895767
2019-04-09,63.97999954223633,64.79000091552734,63.68000030517578,64.4000015258789,790677
2019-04-10,64.61000061035156,64.69999694824219,64.05000305175781,64.22000122070312,722216
2019-04-11,63.58000183105469,64.48999786376953,63.310001373291016,64.4800033569336,760504
2019-04-12,63.88999938964844,64.6500015258789,63.65999984741211,63.709999084472656,625588
2019-04-15,63.400001525878906,63.84000015258789,63.029998779296875,63.7599983215332,555858
2019-04-16,64.05000305175781,64.37000274658203,62.9900016784668,63.56999969482422,547469
2019-04-17,63.7599983215332,64.61000061035156,63.65999984741211,64.31999969482422,235376
2019-04-18,64.0,64.16000366210938,63.459999084472656,63.75,148238
2019-04-22,65.69999694824219,65.91999816894531,64.0,64.0,763527
2019-04-23,66.30000305175781,66.5999984741211,65.58000183105469,65.75,700598
2019-04-24,65.88999938964844,66.43000030517578,65.66000366210938,66.16999816894531,678386
2019-04-25,65.20999908447266,66.27999877929688,64.9000015258789,65.80999755859375,603001
2019-04-26,63.29999923706055,65.18000030517578,62.279998779296875,65.12999725341797,1000836
2019-04-29,63.5,63.689998626708984,62.459999084472656,62.95000076293945,654076
2019-04-30,63.90999984741211,64.75,63.29999923706055,63.58000183105469,750494
2019-05-01,63.599998474121094,63.93000030517578,62.77000045776367,63.400001525878906,676872
2019-05-02,61.810001373291016,63.68000030517578,60.95000076293945,63.61000061035156,914661
2019-05-03,61.939998626708984,62.52000045776367,61.29999923706055,61.54999923706055,646866
2019-05-06,62.25,62.95000076293945,60.040000915527344,61.43000030517578,768810
2019-05-07,61.400001525878906,62.4900016784668,60.65999984741211,62.16999816894531,842810
2019-05-08,62.119998931884766,62.369998931884766,61.06999969482422,61.439998626708984,791769
2019-05-09,61.70000076293945,62.209999084472656,60.91999816894531,62.02000045776367,769583
2019-05-10,61.65999984741211,62.4900016784668,61.41999816894531,61.63999938964844,786494
2019-05-13,61.040000915527344,63.33000183105469,60.63999938964844,61.650001525878906,1003106
2019-05-14,61.779998779296875,62.11000061035156,60.689998626708984,60.86000061035156,751668
2019-05-15,62.02000045776367,62.34000015258789,60.849998474121094,61.369998931884766,723001
2019-05-16,62.869998931884766,63.47999954223633,62.08000183105469,62.119998931884766,545679
2019-05-17,62.7599983215332,63.63999938964844,62.52000045776367,63.119998931884766,215802
2019-05-20,63.099998474121094,63.810001373291016,62.45000076293945,63.529998779296875,131888
2019-05-21,62.9900016784668,63.599998474121094,62.75,63.279998779296875,641680
2019-05-22,61.41999816894531,62.779998779296875,61.029998779296875,62.63999938964844,766728
2019-05-23,57.90999984741211,61.290000915527344,57.33000183105469,61.27000045776367,1108052
2019-05-24,58.630001068115234,59.099998474121094,57.5,58.209999084472656,758099
2019-05-28,59.13999938964844,59.56999969482422,58.130001068115234,58.939998626708984,1020323
2019-05-29,58.810001373291016,59.13999938964844,56.880001068115234,59.06999969482422,1124959
2019-05-30,56.59000015258789,59.70000076293945,56.33000183105469,59.119998931884766,842281
2019-05-31,53.5,56.61000061035156,53.04999923706055,56.459999084472656,1031488
2019-06-03,53.25,54.630001068115234,52.11000061035156,53.41999816894531,984308
2019-06-04,53.47999954223633,53.779998779296875,52.43000030517578,52.88999938964844,831625
2019-06-05,51.68000030517578,53.40999984741211,50.599998474121094,52.86000061035156,943186
2019-06-06,52.59000015258789,53.29999923706055,51.16999816894531,51.65999984741211,790067
2019-06-07,53.9900016784668,54.31999969482422,52.619998931884766,53.099998474121094,828133
2019-06-10,53.2599983215332,54.84000015258789,53.04999923706055,54.2400016784668,687146
2019-06-11,53.27000045776367,54.040000915527344,52.90999984741211,53.43000030517578,642940
2019-06-12,51.13999938964844,53.04999923706055,50.720001220703125,53.040000915527344,786105
2019-06-13,52.279998779296875,53.45000076293945,50.91999816894531,51.06999969482422,945024
2019-06-14,52.5099983215332,52.97999954223633,51.70000076293945,52.18000030517578,574229
2019-06-17,51.93000030517578,52.7400016784668,51.58000183105469,52.5,397868
2019-06-18,53.900001525878906,54.310001373291016,51.5,51.95000076293945,181640
2019-06-19,53.7599983215332,54.41999816894531,53.279998779296875,54.09000015258789,122838
2019-06-20,56.650001525878906,57.02000045776367,54.11000061035156,54.119998931884766,854514
2019-06-21,57.43000030517578,57.97999954223633,56.65999984741211,57.2599983215332,676047
2019-06-24,57.900001525878906,58.220001220703125,56.75,57.720001220703125,597164
2019-06-25,57.83000183105469,58.84000015258789,57.20000076293945,57.7400016784668,673140
2019-06-26,59.380001068115234,59.93000030517578,58.650001525878906,58.84000015258789,686817
2019-06-27,59.43000030517578,59.72999954223633,58.61000061035156,59.27000045776367,531405
2019-06-28,58.470001220703125,59.79999923706055,57.75,59.220001220703125,556101
2019-07-01,59.09000015258789,60.279998779296875,58.34000015258789,59.27000045776367,674887
2019-07-02,56.25,59.43000030517578,56.09000015258789,59.13999938964844,878938
2019-07-03,57.34000015258789,57.47999954223633,56.040000915527344,56.4900016784668,600131
2019-07-05,57.5099983215332,57.81999969482422,56.290000915527344,57.380001068115234,698015
2019-07-08,57.65999984741211,58.459999084472656,57.29999923706055,57.77000045776367,540861
2019-07-09,57.83000183105469,59.099998474121094,57.290000915527344,57.560001373291016,551872
2019-07-10,60.43000030517578,60.529998779296875,58.349998474121094,58.400001525878906,690656
2019-07-11,60.20000076293945,60.939998626708984,60.13999938964844,60.439998626708984,573019
2019-07-12,60.209999084472656,60.7400016784668,59.93000030517578,60.459999084472656,469029
2019-07-15,59.58000183105469,60.91999816894531,59.20000076293945,60.25,566818
2019-07-16,57.619998931884766,60.060001373291016,57.06999969482422,59.2599983215332,712540
2019-07-17,56.779998779296875,58.36000061035156,56.209999084472656,57.52000045776367,504432
2019-07-18,55.29999923706055,57.31999969482422,54.720001220703125,56.599998474121094,215361
2019-07-19,55.630001068115234,56.36000061035156,54.9900016784668,55.720001220703125,105217
2019-07-22,56.220001220703125,56.84000015258789,55.720001220703125,56.220001220703125,619483
2019-07-23,56.77000045776367,57.470001220703125,55.7400016784668,56.16999816894531,521876
2019-07-24,55.880001068115234,57.63999938964844,55.33000183105469,57.22999954223633,745248
2019-07-25,56.02000045776367,56.9900016784668,55.810001373291016,55.900001525878906,559282
2019-07-26,56.20000076293945,56.56999969482422,55.68000030517578,55.93000030517578,476785
2019-07-29,56.869998931884766,57.099998474121094,55.810001373291016,56.20000076293945,529742
2019-07-30,58.04999923706055,58.470001220703125,56.959999084472656,57.06999969482422,547401
2019-07-31,58.58000183105469,58.81999969482422,57.810001373291016,58.34000015258789,614001
2019-08-01,53.95000076293945,57.9900016784668,53.59000015258789,57.849998474121094,886748
2019-08-02,55.65999984741211,56.04999923706055,54.150001525878906,54.540000915527344,739810
2019-08-05,54.689998626708984,55.61000061035156,54.220001220703125,55.380001068115234,823844
2019-08-06,53.630001068115234,55.41999816894531,53.290000915527344,54.95000076293945,682794
2019-08-07,51.09000015258789,53.77000045776367,50.52000045776367,53.41999816894531,1063214
2019-08-08,52.540000915527344,53.060001373291016,51.939998626708984,52.33000183105469,724762
2019-08-09,54.5,54.91999816894531,52.369998931884766,52.880001068115234,726386
2019-08-12,54.93000030517578,55.18000030517578,53.540000915527344,54.31999969482422,611027
2019-08-13,57.099998474121094,57.470001220703125,54.209999084472656,54.72999954223633,783486
2019-08-14,55.22999954223633,56.849998474121094,53.970001220703125,56.7400016784668,718293
2019-08-15,54.470001220703125,55.33000183105469,53.77000045776367,54.900001525878906,527866
2019-08-16,54.869998931884766,55.66999816894531,54.2599983215332,54.7400016784668,168345
2019-08-19,56.209999084472656,56.40999984741211,54.84000015258789,54.959999084472656,113571
2019-08-20,56.34000015258789,56.599998474121094,55.279998779296875,56.099998474121094,659258
2019-08-21,55.68000030517578,57.130001068115234,55.54999923706055,56.04999923706055,704035
2019-08-22,55.349998474121094,56.459999084472656,54.849998474121094,55.939998626708984,621573
2019-08-23,54.16999816894531,55.599998474121094,53.2400016784668,55.349998474121094,807151
2019-08-26,53.63999938964844,55.2599983215332,52.959999084472656,53.25,679022
2019-08-27,54.93000030517578,55.720001220703125,53.689998626708984,53.7599983215332,596624
2019-08-28,55.779998779296875,56.75,55.34000015258789,55.709999084472656,674048
2019-08-29,56.709999084472656,56.88999938964844,55.43000030517578,55.880001068115234,630760
2019-08-30,55.099998474121094,56.720001220703125,54.54999923706055,56.630001068115234,708268
2019-09-03,53.939998626708984,55.2400016784668,52.84000015258789,55.0,970804
2019-09-04,56.2599983215332,56.58000183105469,53.84000015258789,53.91999816894531,682298
2019-09-05,56.29999923706055,57.7599983215332,55.75,55.95000076293945,712466
2019-09-06,56.52000045776367,56.95000076293945,54.83000183105469,56.189998626708984,714294
2019-09-09,57.849998474121094,58.15999984741211,56.58000183105469,56.79999923706055,646993
2019-09-10,57.400001525878906,58.7599983215332,57.20000076293945,58.029998779296875,755472
2019-09-11,55.75,58.29999923706055,55.61000061035156,57.88999938964844,858772
2019-09-12,55.09000015258789,56.34000015258789,54.0,55.93000030517578,845977
2019-09-13,54.849998474121094,55.68000030517578,54.439998626708984,55.150001525878906,599470
2019-09-16,62.900001525878906,63.380001068115234,58.77000045776367,61.47999954223633,1404916
2019-09-17,59.34000015258789,62.59000015258789,58.459999084472656,61.959999084472656,993237
2019-09-18,58.11000061035156,59.43000030517578,57.66999816894531,58.810001373291016,216961
2019-09-19,58.130001068115234,59.540000915527344,58.0099983215332,58.20000076293945,112327
2019-09-20,58.09000015258789,59.099998474121094,57.790000915527344,58.650001525878906,576019
2019-09-23,58.63999938964844,59.38999938964844,57.369998931884766,59.25,526785
2019-09-24,57.290000915527344,58.4900016784668,56.689998626708984,58.439998626708984,591529
2019-09-25,56.4900016784668,57.02000045776367,55.54999923706055,56.70000076293945,563550
2019-09-26,56.40999984741211,56.84000015258789,55.40999984741211,56.689998626708984,599653
2019-09-27,55.90999984741211,56.7599983215332,54.75,56.5099983215332,712966
2019-09-30,54.06999969482422,56.56999969482422,53.97999954223633,56.540000915527344,532522
2019-10-01,53.619998931884766,54.84000015258789,53.04999923706055,54.279998779296875,589176
2019-10-02,52.63999938964844,54.41999816894531,52.16999816894531,54.0,590306
2019-10-03,52.45000076293945,52.90999984741211,50.9900016784668,52.470001220703125,642466
2019-10-04,52.810001373291016,53.349998474121094,52.040000915527344,52.290000915527344,541104
2019-10-07,52.75,54.060001373291016,52.59000015258789,52.689998626708984,549019
2019-10-08,52.630001068115234,53.27000045776367,51.810001373291016,52.810001373291016,658324
2019-10-09,52.59000015258789,53.7400016784668,52.310001373291016,52.56999969482422,632666
2019-10-10,53.54999923706055,53.970001220703125,51.380001068115234,52.689998626708984,613944
2019-10-11,54.70000076293945,54.93000030517578,53.63999938964844,53.880001068115234,467643
2019-10-14,53.59000015258789,54.900001525878906,52.77000045776367,54.900001525878906,467643
2019-10-15,52.810001373291016,53.790000915527344,52.38999938964844,53.5099983215332,511249
2019-10-16,53.36000061035156,53.7400016784668,52.52000045776367,52.91999816894531,451643
2019-10-17,53.93000030517578,54.15999984741211,52.619998931884766,52.9900016784668,418422
2019-10-18,53.779998779296875,54.619998931884766,53.349998474121094,54.09000015258789,174477
2019-10-21,53.310001373291016,54.029998779296875,52.709999084472656,53.709999084472656,95979
2019-10-22,54.15999984741211,54.619998931884766,53.099998474121094,53.38999938964844,506573
2019-10-23,55.970001220703125,56.06999969482422,53.619998931884766,54.29999923706055,620202
2019-10-24,56.22999954223633,56.5099983215332,55.40999984741211,55.900001525878906,480764
2019-10-25,56.65999984741211,56.7400016784668,55.599998474121094,56.06999969482422,445020
2019-10-28,55.810001373291016,56.91999816894531,55.58000183105469,56.650001525878906,437020
2019-10-29,55.540000915527344,55.90999984741211,54.61000061035156,55.79999923706055,521457
2019-10-30,55.060001373291016,55.72999954223633,54.41999816894531,55.529998779296875,659328
2019-10-31,54.18000030517578,55.59000015258789,53.709999084472656,54.900001525878906,677419
2019-11-01,56.20000076293945,56.33000183105469,54.06999969482422,54.150001525878906,538117
2019-11-04,56.540000915527344,57.43000030517578,55.83000183105469,56.40999984741211,580350
2019-11-05,57.22999954223633,57.5,56.29999923706055,56.560001373291016,435319
2019-11-06,56.349998474121094,57.849998474121094,56.11000061035156,57.2599983215332,623258
2019-11-07,57.150001525878906,57.880001068115234,56.27000045776367,56.349998474121094,678165
2019-11-08,57.2400016784668,57.47999954223633,55.7599983215332,57.08000183105469,636941
2019-11-11,56.86000061035156,57.400001525878906,56.25,57.400001525878906,498981
2019-11-12,56.79999923706055,57.54999923706055,56.540000915527344,56.88999938964844,586568
2019-11-13,57.119998931884766,57.529998779296875,56.20000076293945,56.790000915527344,547635
2019-11-14,56.77000045776367,57.790000915527344,56.630001068115234,57.38999938964844,516832
2019-11-15,57.720001220703125,57.970001220703125,56.43000030517578,56.90999984741211,375993
2019-11-18,57.04999923706055,58.09000015258789,56.54999923706055,57.880001068115234,159328
2019-11-19,55.209999084472656,57.11000061035156,55.040000915527344,56.900001525878906,121214
2019-11-20,57.11000061035156,57.25,54.7599983215332,55.15999984741211,674891
2019-11-21,58.58000183105469,58.66999816894531,56.599998474121094,57.0,593533
2019-11-22,57.77000045776367,58.7400016784668,57.5,58.310001373291016,508244
2019-11-25,58.0099983215332,58.150001525878906,57.209999084472656,57.91999816894531,420642
2019-11-26,58.40999984741211,58.560001373291016,57.7599983215332,57.91999816894531,443816
2019-11-27,58.11000061035156,58.68000030517578,57.5099983215332,58.27000045776367,454256
2019-11-29,55.16999816894531,58.29999923706055,55.02000045776367,58.130001068115234,718724
2019-12-02,55.959999084472656,56.66999816894531,55.41999816894531,55.470001220703125,616423
2019-12-03,56.099998474121094,56.79999923706055,55.349998474121094,55.959999084472656,560554
2019-12-04,58.43000030517578,58.65999984741211,56.279998779296875,56.43000030517578,760541
2019-12-05,58.43000030517578,59.119998931884766,58.099998474121094,58.36000061035156,649461
2019-12-06,59.20000076293945,59.849998474121094,57.70000076293945,58.31999969482422,679609
2019-12-09,59.02000045776367,59.25,58.22999954223633,59.11000061035156,511561
2019-12-10,59.2400016784668,59.52000045776367,58.52000045776367,58.91999816894531,566822
2019-12-11,58.7599983215332,59.220001220703125,58.11000061035156,59.060001373291016,589650
2019-12-12,59.18000030517578,59.720001220703125,58.75,58.880001068115234,530851
2019-12-13,60.06999969482422,60.47999954223633,59.27000045776367,59.36000061035156,512288
2019-12-16,60.209999084472656,60.34000015258789,59.709999084472656,59.869998931884766,347395
2019-12-17,60.939998626708984,61.060001373291016,60.029998779296875,60.22999954223633,163744
2019-12-18,60.93000030517578,61.18000030517578,60.31999969482422,60.54999923706055,131071
2019-12-19,61.220001220703125,61.470001220703125,60.790000915527344,60.86000061035156,426341
2019-12-20,60.439998626708984,61.20000076293945,60.02000045776367,61.11000061035156,552517
2019-12-23,60.52000045776367,60.77000045776367,60.099998474121094,60.40999984741211,314711
2019-12-24,61.11000061035156,61.15999984741211,60.470001220703125,60.630001068115234,204535
2019-12-26,61.68000030517578,61.83000183105469,61.060001373291016,61.20000076293945,265091
2019-12-27,61.720001220703125,61.970001220703125,61.2400016784668,61.72999954223633,351899
2019-12-30,61.68000030517578,62.34000015258789,61.09000015258789,61.709999084472656,427149
2019-12-31,61.060001373291016,61.880001068115234,60.630001068115234,61.68000030517578,494535
2020-01-02,61.18000030517578,61.599998474121094,60.63999938964844,61.599998474121094,486873
2020-01-03,63.04999923706055,64.08999633789062,61.130001068115234,61.18000030517578,885861
2020-01-06,63.27000045776367,64.72000122070312,62.63999938964844,63.709999084472656,724236
2020-01-07,62.70000076293945,63.150001525878906,62.11000061035156,62.90999984741211,582649
2020-01-08,59.61000061035156,65.6500015258789,59.150001525878906,62.84000015258789,1205710
2020-01-09,59.560001373291016,60.310001373291016,58.65999984741211,59.9900016784668,750933
2020-01-10,59.040000915527344,59.779998779296875,58.849998474121094,59.61000061035156,596186
2020-01-13,58.08000183105469,59.27000045776367,57.90999984741211,59.040000915527344,584002
2020-01-14,58.22999954223633,58.720001220703125,57.720001220703125,58.029998779296875,507714
2020-01-15,57.810001373291016,58.36000061035156,57.36000061035156,58.20000076293945,433169
2020-01-16,58.52000045776367,58.869998931884766,57.560001373291016,58.099998474121094,182871
2020-01-17,58.540000915527344,58.97999954223633,58.27000045776367,58.59000015258789,122561
2020-01-21,58.34000015258789,59.72999954223633,57.68000030517578,59.16999816894531,648335
2020-01-22,56.7400016784668,58.380001068115234,56.029998779296875,58.2599983215332,620119
2020-01-23,55.59000015258789,56.27000045776367,54.77000045776367,56.11000061035156,703995
2020-01-24,54.189998626708984,55.95000076293945,53.849998474121094,55.689998626708984,586195
2020-01-27,53.13999938964844,53.709999084472656,52.130001068115234,53.70000076293945,712880
2020-01-28,53.47999954223633,54.060001373291016,52.68000030517578,52.77000045776367,633963
2020-01-29,53.33000183105469,54.369998931884766,52.810001373291016,53.970001220703125,624979
2020-01-30,52.13999938964844,53.20000076293945,51.65999984741211,53.09000015258789,720123
2020-01-31,51.560001373291016,53.36000061035156,50.970001220703125,52.91999816894531,827907
2020-02-03,50.11000061035156,51.970001220703125,49.79999923706055,51.0099983215332,876044
2020-02-04,49.61000061035156,51.54999923706055,49.310001373291016,49.939998626708984,859357
2020-02-05,50.75,51.880001068115234,49.470001220703125,49.5099983215332,887946
2020-02-06,50.95000076293945,52.20000076293945,50.2400016784668,51.16999816894531,750659
2020-02-07,50.31999969482422,51.47999954223633,50.09000015258789,51.11000061035156,768345
2020-02-10,49.56999969482422,50.4900016784668,49.41999816894531,50.119998931884766,715894
2020-02-11,49.939998626708984,50.689998626708984,49.58000183105469,49.61000061035156,725733
2020-02-12,51.16999816894531,51.72999954223633,49.95000076293945,49.959999084472656,795256
2020-02-13,51.41999816894531,51.959999084472656,50.599998474121094,51.720001220703125,745400
2020-02-14,52.04999923706055,52.34000015258789,51.31999969482422,51.5099983215332,607343
2020-02-18,52.04999923706055,52.40999984741211,50.880001068115234,52.22999954223633,221774
2020-02-19,53.290000915527344,53.65999984741211,51.93000030517578,52.119998931884766,113683
2020-02-20,53.779998779296875,54.5,53.220001220703125,53.5,676179
2020-02-21,53.380001068115234,53.86000061035156,52.54999923706055,53.7400016784668,707555
2020-02-24,51.43000030517578,52.63999938964844,50.45000076293945,52.599998474121094,765515
2020-02-25,49.900001525878906,52.02000045776367,49.689998626708984,51.369998931884766,764989
2020-02-26,48.72999954223633,50.439998626708984,48.29999923706055,50.08000183105469,884482
2020-02-27,47.09000015258789,48.779998779296875,45.880001068115234,48.630001068115234,1011915
2020-02-28,44.7599983215332,47.029998779296875,43.849998474121094,46.4900016784668,1101659
2020-03-02,46.75,47.560001373291016,43.31999969482422,43.70000076293945,949471
2020-03-03,47.18000030517578,48.65999984741211,46.470001220703125,47.720001220703125,1011933
2020-03-04,46.779998779296875,48.40999984741211,46.650001525878906,46.939998626708984,745856
2020-03-05,45.900001525878906,47.56999969482422,45.650001525878906,47.130001068115234,704591
2020-03-06,41.279998779296875,46.380001068115234,41.04999923706055,46.09000015258789,1276180
2020-03-09,31.1299991607666,34.880001068115234,27.34000015258789,32.869998931884766,1774383
2020-03-10,34.36000061035156,35.02000045776367,30.200000762939453,30.3700008392334,1064632
2020-03-11,32.97999954223633,36.349998474121094,32.560001373291016,34.619998931884766,874646
2020-03-12,31.5,33.630001068115234,30.020000457763672,33.06999969482422,1025036
2020-03-13,31.729999542236328,33.869998931884766,30.329999923706055,30.770000457763672,743129
2020-03-16,28.700000762939453,33.75,28.100000381469727,33.75,698829
2020-03-17,26.950000762939453,30.299999237060547,26.6299991607666,28.690000534057617,545820
2020-03-18,20.3700008392334,27.219999313354492,20.059999465942383,26.940000534057617,309481
2020-03-19,25.219999313354492,27.709999084472656,21.360000610351562,22.299999237060547,136722
2020-03-20,22.43000030517578,27.889999389648438,19.459999084472656,24.729999542236328,1133808
2020-03-23,23.360000610351562,24.06999969482422,20.799999237060547,22.520000457763672,852951
2020-03-24,24.010000228881836,25.15999984741211,23.09000015258789,23.8700008392334,659697
2020-03-25,24.489999771118164,25.239999771118164,22.90999984741211,24.3700008392334,618725
2020-03-26,22.600000381469727,24.649999618530273,22.3799991607666,24.25,633877
2020-03-27,21.510000228881836,23.440000534057617,20.8799991607666,23.290000915527344,603124
2020-03-30,20.09000015258789,20.93000030517578,19.270000457763672,20.93000030517578,758711
2020-03-31,20.479999542236328,21.889999389648438,20.010000228881836,20.229999542236328,660082
2020-04-01,20.309999465942383,21.549999237060547,19.899999618530273,20.100000381469727,703286
2020-04-02,25.31999969482422,27.389999389648438,20.760000228881836,21.219999313354492,1095972
2020-04-03,28.34000015258789,29.1299991607666,23.520000457763672,24.809999465942383,1007577
2020-04-06,26.079999923706055,28.239999771118164,25.280000686645508,26.09000015258789,752710
2020-04-07,23.6299991607666,27.239999771118164,23.540000915527344,26.34000015258789,797707
2020-04-08,25.09000015258789,26.450000762939453,23.739999771118164,24.299999237060547,823554
2020-04-09,22.760000228881836,28.360000610351562,22.56999969482422,26.280000686645508,1122149
2020-04-13,22.40999984741211,24.739999771118164,22.030000686645508,24.600000381469727,775120
2020-04-14,20.110000610351562,23.079999923706055,19.950000762939453,22.360000610351562,785478
2020-04-15,19.8700008392334,20.889999389648438,19.200000762939453,20.719999313354492,544797
2020-04-16,19.8700008392334,20.530000686645508,19.420000076293945,20.149999618530273,350942
2020-04-17,18.270000457763672,20.219999313354492,17.309999465942383,20.0,240628
2020-04-20,-37.630001068115234,17.850000381469727,-40.31999969482422,17.729999542236328,247947
2020-04-21,10.010000228881836,13.859999656677246,-16.739999771118164,-14.0,2288230
2020-04-22,13.779999732971191,16.18000030517578,10.260000228881836,13.119999885559082,1235218
2020-04-23,16.5,18.260000228881836,13.350000381469727,14.199999809265137,833584
2020-04-24,16.940000534057617,17.969999313354492,15.640000343322754,16.780000686645508,600220
2020-04-27,12.779999732971191,16.979999542236328,11.880000114440918,16.84000015258789,623201
2020-04-28,12.34000015258789,13.6899995803833,10.069999694824219,12.960000038146973,897087
2020-04-29,15.0600004196167,16.780000686645508,12.670000076293945,13.350000381469727,554134
2020-04-30,18.84000015258789,19.440000534057617,15.449999809265137,15.640000343322754,545344
2020-05-01,19.780000686645508,20.479999542236328,18.06999969482422,19.040000915527344,403201
2020-05-04,20.389999389648438,21.420000076293945,18.049999237060547,19.110000610351562,311488
2020-05-05,24.559999465942383,25.489999771118164,21.1299991607666,21.239999771118164,387240
2020-05-06,23.989999771118164,26.079999923706055,22.579999923706055,25.520000457763672,381165
2020-05-07,23.549999237060547,26.739999771118164,22.940000534057617,24.09000015258789,310261
2020-05-08,24.739999771118164,24.989999771118164,23.260000228881836,23.350000381469727,205181
2020-05-11,24.139999389648438,25.579999923706055,23.670000076293945,24.489999771118164,179591
2020-05-12,25.780000686645508,26.229999542236328,24.219999313354492,24.489999771118164,212335
2020-05-13,25.290000915527344,26.450000762939453,24.790000915527344,25.299999237060547,150864
2020-05-14,27.559999465942383,27.959999084472656,25.18000030517578,25.559999465942383,160507
2020-05-15,29.43000030517578,29.920000076293945,27.239999771118164,27.639999389648438,108016
2020-05-18,31.81999969482422,33.31999969482422,29.530000686645508,29.530000686645508,89376
2020-05-19,32.5,33.439998626708984,31.34000015258789,32.83000183105469,430823
2020-05-20,33.4900016784668,33.779998779296875,31.559999465942383,31.889999389648438,406431
2020-05-21,33.91999816894531,34.65999984741211,33.2599983215332,33.529998779296875,372814
2020-05-22,33.25,34.0,30.719999313354492,33.95000076293945,429036
2020-05-26,34.349998474121094,34.810001373291016,32.47999954223633,33.29999923706055,466737
2020-05-27,32.810001373291016,34.31999969482422,31.75,34.13999938964844,415246
2020-05-28,33.709999084472656,34.209999084472656,31.139999389648438,32.099998474121094,440168
2020-05-29,35.4900016784668,35.77000045776367,32.36000061035156,33.68000030517578,443647
2020-06-01,35.439998626708984,35.900001525878906,34.27000045776367,35.209999084472656,385710
2020-06-02,36.810001373291016,37.060001373291016,35.279998779296875,35.560001373291016,343483
2020-06-03,37.290000915527344,38.18000030517578,35.880001068115234,36.86000061035156,494253
2020-06-04,37.40999984741211,37.619998931884766,36.380001068115234,36.7599983215332,307612
2020-06-05,39.54999923706055,39.68000030517578,37.04999923706055,37.33000183105469,396856
2020-06-08,38.189998626708984,40.439998626708984,37.959999084472656,39.40999984741211,416639
2020-06-09,38.939998626708984,39.099998474121094,37.06999969482422,38.220001220703125,396033
2020-06-10,39.599998474121094,39.90999984741211,37.72999954223633,38.5,385868
2020-06-11,36.34000015258789,39.09000015258789,35.40999984741211,39.09000015258789,513912
2020-06-12,36.2599983215332,36.9900016784668,34.47999954223633,36.2599983215332,406508
2020-06-15,37.119998931884766,37.2599983215332,34.36000061035156,36.029998779296875,387546
2020-06-16,38.380001068115234,39.060001373291016,36.380001068115234,37.04999923706055,366323
2020-06-17,37.959999084472656,38.75,37.209999084472656,37.93000030517578,239516
2020-06-18,38.84000015258789,38.970001220703125,37.11000061035156,37.7400016784668,113384
2020-06-19,39.75,40.4900016784668,38.400001525878906,38.849998474121094,64113
2020-06-22,40.459999084472656,40.70000076293945,39.119998931884766,39.18000030517578,315264
2020-06-23,40.369998931884766,41.630001068115234,39.7599983215332,40.68000030517578,368730
2020-06-24,38.0099983215332,40.540000915527344,37.310001373291016,39.9900016784668,499490
2020-06-25,38.720001220703125,39.22999954223633,37.08000183105469,38.04999923706055,451640
2020-06-26,38.4900016784668,39.349998474121094,37.790000915527344,39.09000015258789,356712
2020-06-29,39.70000076293945,39.88999938964844,37.5,37.959999084472656,343913
2020-06-30,39.27000045776367,40.08000183105469,38.849998474121094,39.63999938964844,370059
2020-07-01,39.81999969482422,40.58000183105469,39.04999923706055,39.84000015258789,407170
2020-07-02,40.650001525878906,40.7400016784668,39.459999084472656,39.779998779296875,347096
2020-07-06,40.630001068115234,41.08000183105469,39.84000015258789,40.380001068115234,373236
2020-07-07,40.619998931884766,40.95000076293945,39.900001525878906,40.68000030517578,256596
2020-07-08,40.900001525878906,41.08000183105469,40.29999923706055,40.47999954223633,286740
2020-07-09,39.619998931884766,40.9900016784668,39.27000045776367,40.869998931884766,367386
2020-07-10,40.54999923706055,40.77000045776367,38.540000915527344,39.58000183105469,393149
2020-07-13,40.099998474121094,40.720001220703125,39.470001220703125,40.349998474121094,370715
2020-07-14,40.290000915527344,40.56999969482422,39.06999969482422,39.599998474121094,426971
2020-07-15,41.20000076293945,41.2599983215332,40.08000183105469,40.54999923706055,352542
2020-07-16,40.75,41.18000030517578,40.52000045776367,40.970001220703125,200101
2020-07-17,40.59000015258789,40.900001525878906,40.02000045776367,40.720001220703125,88220
2020-07-20,40.810001373291016,40.90999984741211,39.83000183105469,40.63999938964844,60179
2020-07-21,41.959999084472656,42.400001525878906,40.63999938964844,40.650001525878906,389117
2020-07-22,41.900001525878906,42.029998779296875,41.13999938964844,41.540000915527344,333647
2020-07-23,41.06999969482422,42.36000061035156,40.83000183105469,41.95000076293945,389412
2020-07-24,41.290000915527344,41.66999816894531,40.65999984741211,41.060001373291016,353159
2020-07-27,41.599998474121094,41.81999969482422,40.47999954223633,41.2599983215332,377714
2020-07-28,41.040000915527344,41.93000030517578,40.849998474121094,41.650001525878906,276804
2020-07-29,41.27000045776367,41.56999969482422,40.93000030517578,41.130001068115234,295855
2020-07-30,39.91999816894531,41.38999938964844,38.720001220703125,41.31999969482422,487325
2020-07-31,40.27000045776367,40.54999923706055,39.65999984741211,40.34000015258789,318788
2020-08-03,41.0099983215332,41.2400016784668,39.58000183105469,40.38999938964844,338326
2020-08-04,41.70000076293945,42.08000183105469,40.13999938964844,40.779998779296875,451575
2020-08-05,42.189998626708984,43.52000045776367,41.470001220703125,41.560001373291016,491268
2020-08-06,41.95000076293945,42.650001525878906,41.61000061035156,42.189998626708984,359610
2020-08-07,41.220001220703125,42.220001220703125,41.060001373291016,41.970001220703125,398997
2020-08-10,41.939998626708984,42.33000183105469,41.16999816894531,41.5,367796
2020-08-11,41.61000061035156,42.939998626708984,41.47999954223633,41.97999954223633,432843
2020-08-12,42.66999816894531,42.900001525878906,41.529998779296875,41.619998931884766,397831
2020-08-13,42.2400016784668,42.84000015258789,42.09000015258789,42.56999969482422,329507
2020-08-14,42.0099983215332,42.56999969482422,41.619998931884766,42.33000183105469,310866
2020-08-17,42.88999938964844,42.970001220703125,41.79999923706055,42.2400016784668,208429
2020-08-18,42.88999938964844,42.9900016784668,42.11000061035156,42.790000915527344,111628
2020-08-19,42.93000030517578,43.029998779296875,42.36000061035156,42.599998474121094,81299
2020-08-20,42.58000183105469,42.790000915527344,41.5,42.7400016784668,377070
2020-08-21,42.34000015258789,42.959999084472656,41.459999084472656,42.75,345368
2020-08-24,42.619998931884766,42.88999938964844,42.22999954223633,42.47999954223633,294731
2020-08-25,43.349998474121094,43.56999969482422,42.310001373291016,42.36000061035156,330800
2020-08-26,43.38999938964844,43.779998779296875,43.0,43.38999938964844,262243
2020-08-27,43.040000915527344,43.5,42.36000061035156,43.45000076293945,320968
2020-08-28,42.970001220703125,43.41999816894531,42.689998626708984,42.97999954223633,272800
2020-08-31,42.61000061035156,43.56999969482422,42.560001373291016,42.90999984741211,236877
2020-09-01,42.7599983215332,43.43000030517578,42.720001220703125,42.83000183105469,285146
2020-09-02,41.5099983215332,43.209999084472656,41.22999954223633,43.02000045776367,421771
2020-09-03,41.369998931884766,41.790000915527344,40.220001220703125,41.630001068115234,417634
2020-09-04,39.77000045776367,41.869998931884766,39.349998474121094,41.25,444184
2020-09-08,36.7599983215332,39.59000015258789,36.130001068115234,39.47999954223633,720975
2020-09-09,38.04999923706055,38.45000076293945,36.15999984741211,36.790000915527344,455356
2020-09-10,37.29999923706055,38.18000030517578,36.93000030517578,37.79999923706055,367555
2020-09-11,37.33000183105469,37.81999969482422,36.66999816894531,37.0099983215332,363787
2020-09-14,37.2599983215332,37.68000030517578,36.81999969482422,37.31999969482422,347563
2020-09-15,38.279998779296875,38.56999969482422,37.060001373291016,37.279998779296875,348861
2020-09-16,40.15999984741211,40.34000015258789,38.349998474121094,38.349998474121094,367612
2020-09-17,40.970001220703125,41.220001220703125,39.41999816894531,40.189998626708984,280669
2020-09-18,41.11000061035156,41.4900016784668,40.29999923706055,40.970001220703125,85906
2020-09-21,39.310001373291016,41.27000045776367,38.65999984741211,40.97999954223633,66195
2020-09-22,39.599998474121094,40.02000045776367,39.0,39.630001068115234,287807
2020-09-23,39.93000030517578,40.75,39.2599983215332,39.7599983215332,318754
2020-09-24,40.310001373291016,40.369998931884766,39.119998931884766,39.599998474121094,269992
2020-09-25,40.25,40.63999938964844,39.709999084472656,40.150001525878906,229025
2020-09-28,40.599998474121094,40.79999923706055,39.779998779296875,40.06999969482422,226425
2020-09-29,39.290000915527344,40.70000076293945,38.40999984741211,40.58000183105469,379599
2020-09-30,40.220001220703125,40.369998931884766,38.68000030517578,39.15999984741211,340294
2020-10-01,38.720001220703125,40.470001220703125,37.61000061035156,39.900001525878906,443442
2020-10-02,37.04999923706055,38.650001525878906,36.630001068115234,38.599998474121094,391428
2020-10-05,39.220001220703125,39.720001220703125,37.0,37.0,378579
2020-10-06,40.66999816894531,40.86000061035156,39.099998474121094,39.349998474121094,400531
2020-10-07,39.95000076293945,40.349998474121094,39.279998779296875,39.83000183105469,433065
2020-10-08,41.189998626708984,41.33000183105469,39.7599983215332,39.9900016784668,409787
2020-10-09,40.599998474121094,41.470001220703125,40.380001068115234,41.310001373291016,331703
2020-10-12,39.43000030517578,40.45000076293945,39.040000915527344,40.400001525878906,322035
2020-10-13,40.20000076293945,40.529998779296875,39.349998474121094,39.529998779296875,375470
2020-10-14,41.040000915527344,41.15999984741211,39.81999969482422,40.189998626708984,328295
2020-10-15,40.959999084472656,41.290000915527344,39.220001220703125,41.130001068115234,248251
2020-10-16,40.880001068115234,41.04999923706055,40.08000183105469,40.880001068115234,96488
2020-10-19,40.83000183105469,41.220001220703125,40.540000915527344,40.689998626708984,75335
2020-10-20,41.459999084472656,41.70000076293945,40.25,40.650001525878906,360574
2020-10-21,40.029998779296875,41.59000015258789,39.779998779296875,41.220001220703125,366899
2020-10-22,40.63999938964844,41.02000045776367,39.709999084472656,40.040000915527344,307494
2020-10-23,39.849998474121094,40.91999816894531,39.56999969482422,40.61000061035156,268931
2020-10-26,38.560001373291016,39.7400016784668,38.279998779296875,39.689998626708984,360184
2020-10-27,39.56999969482422,39.83000183105469,38.5099983215332,38.59000015258789,339535
2020-10-28,37.38999938964844,39.0099983215332,36.970001220703125,38.970001220703125,489954
2020-10-29,36.16999816894531,37.7599983215332,34.91999816894531,37.38999938964844,568816
2020-10-30,35.790000915527344,36.599998474121094,35.209999084472656,36.06999969482422,388971
2020-11-02,36.810001373291016,37.150001525878906,33.63999938964844,35.2400016784668,489204
2020-11-03,37.65999984741211,38.31999969482422,36.56999969482422,37.029998779296875,410611
2020-11-04,39.150001525878906,39.25,37.2599983215332,38.150001525878906,437000
2020-11-05,38.790000915527344,39.349998474121094,38.27000045776367,39.16999816894531,298366
2020-11-06,37.13999938964844,38.61000061035156,37.060001373291016,38.540000915527344,411026
2020-11-09,40.290000915527344,41.33000183105469,37.15999984741211,37.34000015258789,622921
2020-11-10,41.36000061035156,41.84000015258789,39.40999984741211,39.90999984741211,457045
2020-11-11,41.45000076293945,43.060001373291016,41.31999969482422,41.790000915527344,443772
2020-11-12,41.119998931884766,42.189998626708984,40.869998931884766,41.470001220703125,401031
2020-11-13,40.130001068115234,40.939998626708984,40.060001373291016,40.939998626708984,338187
2020-11-16,41.34000015258789,42.09000015258789,40.150001525878906,40.16999816894531,378785
2020-11-17,41.43000030517578,41.689998626708984,40.56999969482422,41.439998626708984,243677
2020-11-18,41.81999969482422,42.459999084472656,41.08000183105469,41.349998474121094,107013
2020-11-19,41.7400016784668,41.97999954223633,41.08000183105469,41.61000061035156,88144
2020-11-20,42.150001525878906,42.31999969482422,41.5099983215332,41.70000076293945,276340
2020-11-23,43.060001373291016,43.36000061035156,42.290000915527344,42.459999084472656,300717
2020-11-24,44.90999984741211,45.20000076293945,42.81999969482422,42.84000015258789,418527
2020-11-25,45.709999084472656,46.2599983215332,44.72999954223633,44.81999969482422,417182
2020-11-27,45.529998779296875,46.09000015258789,44.54999923706055,45.900001525878906,365128
2020-11-30,45.34000015258789,45.79999923706055,44.41999816894531,45.34000015258789,370755
2020-12-01,44.54999923706055,45.70000076293945,44.119998931884766,45.08000183105469,314919
2020-12-02,45.279998779296875,45.91999816894531,43.91999816894531,44.380001068115234,368854
2020-12-03,45.63999938964844,45.84000015258789,44.65999984741211,44.9900016784668,350768
2020-12-04,46.2599983215332,46.68000030517578,45.61000061035156,45.63999938964844,335453
2020-12-07,45.7599983215332,46.540000915527344,45.36000061035156,46.150001525878906,348871
2020-12-08,45.599998474121094,45.93000030517578,45.13999938964844,45.65999984741211,332641
2020-12-09,45.52000045776367,46.2400016784668,44.95000076293945,45.599998474121094,434976
2020-12-10,46.779998779296875,47.7400016784668,45.52000045776367,45.689998626708984,447529
2020-12-11,46.56999969482422,47.290000915527344,46.34000015258789,46.970001220703125,367305
2020-12-14,46.9900016784668,47.439998626708984,45.689998626708984,46.72999954223633,403543
2020-12-15,47.619998931884766,47.72999954223633,46.540000915527344,46.9900016784668,311169
2020-12-16,47.81999969482422,47.939998626708984,47.16999816894531,47.599998474121094,275331
2020-12-17,48.36000061035156,48.59000015258789,47.810001373291016,47.849998474121094,96536
2020-12-18,49.099998474121094,49.279998779296875,48.099998474121094,48.43000030517578,83711
2020-12-21,47.7400016784668,48.61000061035156,46.18000030517578,48.540000915527344,478098
2020-12-22,47.02000045776367,47.959999084472656,46.599998474121094,47.93000030517578,295737
2020-12-23,48.119998931884766,48.5,46.15999984741211,46.790000915527344,344306
2020-12-24,48.22999954223633,48.619998931884766,47.560001373291016,48.09000015258789,167390
2020-12-28,47.619998931884766,48.959999084472656,47.5,48.22999954223633,238462
2020-12-29,48.0,48.349998474121094,47.68000030517578,47.720001220703125,213778
2020-12-30,48.400001525878906,48.65999984741211,47.61000061035156,48.130001068115234,266957
2020-12-31,48.52000045776367,48.58000183105469,47.77000045776367,48.349998474121094,181894
2021-01-04,47.619998931884766,49.83000183105469,47.18000030517578,48.400001525878906,528525
2021-01-05,49.93000030517578,50.20000076293945,47.2400016784668,47.380001068115234,643191
2021-01-06,50.630001068115234,50.939998626708984,49.47999954223633,49.81999969482422,509365
2021-01-07,50.83000183105469,51.279998779296875,50.38999938964844,50.529998779296875,369292
2021-01-08,52.2400016784668,52.75,50.810001373291016,50.93000030517578,499416
2021-01-11,52.25,52.70000076293945,51.5,52.58000183105469,394822
2021-01-12,53.209999084472656,53.45000076293945,52.06999969482422,52.18000030517578,400200
2021-01-13,52.90999984741211,53.93000030517578,52.58000183105469,53.310001373291016,429898
2021-01-14,53.56999969482422,53.75,52.2400016784668,52.84000015258789,390087
2021-01-15,52.36000061035156,53.83000183105469,51.83000183105469,53.79999923706055,165668
2021-01-19,52.97999954223633,53.130001068115234,51.7599983215332,52.0,125964
2021-01-20,53.2400016784668,53.790000915527344,53.04999923706055,53.130001068115234,400301
2021-01-21,53.130001068115234,53.40999984741211,52.75,52.93000030517578,352397
2021-01-22,52.27000045776367,53.15999984741211,51.439998626708984,53.099998474121094,437484
2021-01-25,52.77000045776367,52.95000076293945,51.81999969482422,52.16999816894531,349076
2021-01-26,52.61000061035156,53.25,52.290000915527344,52.90999984741211,314538
2021-01-27,52.849998474121094,53.29999923706055,51.849998474121094,52.7599983215332,442376
2021-01-28,52.34000015258789,53.58000183105469,52.040000915527344,52.650001525878906,411406
2021-01-29,52.20000076293945,53.25,51.93000030517578,52.150001525878906,410914
2021-02-01,53.54999923706055,53.7400016784668,51.63999938964844,51.9900016784668,416067
2021-02-02,54.7599983215332,55.2599983215332,53.45000076293945,53.47999954223633,463718
2021-02-03,55.689998626708984,56.33000183105469,54.810001373291016,55.04999923706055,448693
2021-02-04,56.22999954223633,56.58000183105469,55.29999923706055,55.959999084472656,381404
2021-02-05,56.849998474121094,57.290000915527344,56.43000030517578,56.459999084472656,400833
2021-02-08,57.970001220703125,58.13999938964844,57.0,57.060001373291016,399724
2021-02-09,58.36000061035156,58.619998931884766,57.27000045776367,58.11000061035156,514698
2021-02-10,58.68000030517578,58.90999984741211,58.08000183105469,58.45000076293945,457535
2021-02-11,58.2400016784668,58.709999084472656,57.84000015258789,58.400001525878906,380445
2021-02-12,59.470001220703125,59.81999969482422,57.40999984741211,57.939998626708984,480822
2021-02-16,60.04999923706055,60.95000076293945,59.33000183105469,59.97999954223633,602332
2021-02-17,61.13999938964844,61.72999954223633,59.43000030517578,60.2400016784668,335419
2021-02-18,60.52000045776367,62.2599983215332,59.790000915527344,61.68000030517578,132035
2021-02-19,59.2400016784668,60.290000915527344,58.59000015258789,60.20000076293945,102427
2021-02-22,61.4900016784668,61.84000015258789,58.81999969482422,58.880001068115234,505773
2021-02-23,61.66999816894531,63.0,60.66999816894531,62.15999984741211,570677
2021-02-24,63.220001220703125,63.5099983215332,60.970001220703125,61.290000915527344,489933
2021-02-25,63.529998779296875,63.810001373291016,62.650001525878906,63.38999938964844,510357
2021-02-26,61.5,63.56999969482422,61.34000015258789,63.459999084472656,472723
2021-03-01,60.63999938964844,62.91999816894531,59.959999084472656,61.95000076293945,456679
2021-03-02,59.75,61.209999084472656,59.380001068115234,60.22999954223633,464133
2021-03-03,61.279998779296875,61.9900016784668,59.2400016784668,59.54999923706055,465311
2021-03-04,63.83000183105469,64.86000061035156,60.52000045776367,61.08000183105469,694628
2021-03-05,66.08999633789062,66.41999816894531,63.81999969482422,64.16000366210938,573168
2021-03-08,65.05000305175781,67.9800033569336,64.56999969482422,66.68000030517578,533376
2021-03-09,64.01000213623047,65.9800033569336,63.630001068115234,64.7300033569336,554564
2021-03-10,64.44000244140625,64.95999908447266,63.130001068115234,63.84000015258789,498488
2021-03-11,66.0199966430664,66.20999908447266,64.54000091552734,64.69999694824219,441063
2021-03-12,65.61000061035156,66.23999786376953,65.41000366210938,65.95999908447266,321714
2021-03-15,65.38999938964844,66.4000015258789,64.12999725341797,65.55999755859375,378009
2021-03-16,64.80000305175781,65.43000030517578,63.79999923706055,65.33000183105469,317537
2021-03-17,64.5999984741211,65.33999633789062,63.599998474121094,64.75,254724
2021-03-18,60.0,64.81999969482422,58.20000076293945,64.41999816894531,143597
2021-03-19,61.41999816894531,61.720001220703125,58.939998626708984,59.560001373291016,84171
2021-03-22,61.54999923706055,61.900001525878906,60.38999938964844,61.54999923706055,404370
2021-03-23,57.7599983215332,61.349998474121094,57.25,61.279998779296875,712317
2021-03-24,61.18000030517578,61.34000015258789,57.290000915527344,57.400001525878906,566291
2021-03-25,58.560001373291016,60.86000061035156,57.439998626708984,60.79999923706055,580105
2021-03-26,60.970001220703125,61.36000061035156,58.31999969482422,58.47999954223633,471996
2021-03-29,61.560001373291016,61.77000045776367,59.40999984741211,60.93000030517578,449360
2021-03-30,60.54999923706055,62.27000045776367,59.939998626708984,61.959999084472656,388188
2021-03-31,59.15999984741211,61.16999816894531,58.849998474121094,60.45000076293945,414162
2021-04-01,61.45000076293945,61.75,58.86000061035156,59.4900016784668,605567
2021-04-05,58.650001525878906,61.5,57.630001068115234,61.5,438864
2021-04-06,59.33000183105469,60.900001525878906,58.619998931884766,58.79999923706055,457348
2021-04-07,59.77000045776367,60.040000915527344,58.119998931884766,59.2599983215332,475537
2021-04-08,59.599998474121094,59.93000030517578,58.81999969482422,59.52000045776367,419913
2021-04-09,59.31999969482422,59.95000076293945,59.099998474121094,59.7599983215332,351436
2021-04-12,59.70000076293945,60.77000045776367,58.72999954223633,59.349998474121094,410218
2021-04-13,60.18000030517578,60.59000015258789,59.63999938964844,59.63999938964844,349733
2021-04-14,63.150001525878906,63.439998626708984,60.380001068115234,60.439998626708984,419813
2021-04-15,63.459999084472656,63.56999969482422,62.529998779296875,62.83000183105469,243370
2021-04-16,63.130001068115234,63.880001068115234,62.83000183105469,63.31999969482422,87795
2021-04-19,63.380001068115234,63.630001068115234,62.630001068115234,62.97999954223633,74384
2021-04-20,62.439998626708984,64.25,61.5,63.470001220703125,476046
2021-04-21,61.349998474121094,62.560001373291016,60.86000061035156,62.38999938964844,431486
2021-04-22,61.43000030517578,61.869998931884766,60.61000061035156,61.11000061035156,344700
2021-04-23,62.13999938964844,62.43000030517578,61.25,61.650001525878906,345407
2021-04-26,61.90999984741211,62.310001373291016,60.65999984741211,62.060001373291016,366865
2021-04-27,62.939998626708984,63.29999923706055,61.90999984741211,61.970001220703125,361536
2021-04-28,63.86000061035156,64.52999877929688,62.66999816894531,63.040000915527344,387683
2021-04-29,65.01000213623047,65.47000122070312,63.650001525878906,63.70000076293945,384489
2021-04-30,63.58000183105469,64.94999694824219,63.08000183105469,64.87999725341797,400515
2021-05-03,64.48999786376953,64.68000030517578,62.90999984741211,63.63999938964844,285969
2021-05-04,65.69000244140625,66.19000244140625,64.29000091552734,64.52999877929688,370208
2021-05-05,65.62999725341797,66.76000213623047,64.91999816894531,66.44999694824219,460066
2021-05-06,64.70999908447266,65.9800033569336,64.5,65.2699966430664,389214
2021-05-07,64.9000015258789,65.23999786376953,63.900001525878906,64.9000015258789,431417
2021-05-10,64.91999816894531,65.75,63.95000076293945,65.56999969482422,448337
2021-05-11,65.27999877929688,65.5,63.68000030517578,64.9000015258789,514949
2021-05-12,66.08000183105469,66.62999725341797,64.97000122070312,65.45999908447266,508519
2021-05-13,63.81999969482422,65.80999755859375,63.09000015258789,65.75,547691
2021-05-14,65.37000274658203,65.62000274658203,63.33000183105469,63.83000183105469,383749
2021-05-17,66.2699966430664,66.43000030517578,64.83000183105469,65.5,268476
2021-05-18,65.48999786376953,67.01000213623047,64.11000061035156,66.33000183105469,167348
2021-05-19,63.36000061035156,65.3499984741211,61.95000076293945,65.27999877929688,101902
2021-05-20,62.04999923706055,63.959999084472656,61.88999938964844,63.38999938964844,524168
2021-05-21,63.58000183105469,64.06999969482422,61.560001373291016,61.88999938964844,530831
2021-05-24,66.05000305175781,66.13999938964844,63.630001068115234,63.869998931884766,466647
2021-05-25,66.06999969482422,66.51000213623047,65.41000366210938,66.0199966430664,497394
2021-05-26,66.20999908447266,66.43000030517578,65.25,66.04000091552734,376207
2021-05-27,66.8499984741211,66.91999816894531,65.47000122070312,66.16000366210938,337542
2021-05-28,66.31999969482422,67.5199966430664,66.16999816894531,66.94999694824219,390461
2021-06-01,67.72000122070312,68.87000274658203,66.41000366210938,66.68000030517578,570985
2021-06-02,68.83000183105469,69.0,67.77999877929688,67.98999786376953,332995
2021-06-03,68.80999755859375,69.4000015258789,68.19000244140625,68.76000213623047,351367
2021-06-04,69.62000274658203,69.76000213623047,68.33000183105469,68.91000366210938,326250
2021-06-07,69.2300033569336,70.0,68.93000030517578,69.5199966430664,365621
2021-06-08,70.05000305175781,70.2699966430664,68.47000122070312,69.29000091552734,441302
2021-06-09,69.95999908447266,70.62000274658203,69.45999908447266,70.01000213623047,410820
2021-06-10,70.29000091552734,70.6500015258789,68.68000030517578,69.76000213623047,492464
2021-06-11,70.91000366210938,71.23999786376953,69.68000030517578,70.0999984741211,563575
2021-06-14,70.87999725341797,71.77999877929688,70.6500015258789,70.6500015258789,319639
2021-06-15,72.12000274658203,72.48999786376953,70.80999755859375,71.16000366210938,336035
2021-06-16,72.1500015258789,72.98999786376953,71.61000061035156,72.44999694824219,426775
2021-06-17,71.04000091552734,72.30000305175781,69.7699966430664,71.6500015258789,373780
2021-06-18,71.63999938964844,72.16999816894531,70.16000366210938,71.0999984741211,139584
2021-06-21,73.66000366210938,73.95999908447266,71.1500015258789,71.5199966430664,123662
2021-06-22,73.05999755859375,73.94999694824219,72.94000244140625,73.41000366210938,498555
2021-06-23,73.08000183105469,74.25,72.81999969482422,72.91000366210938,429207
2021-06-24,73.30000305175781,73.61000061035156,72.31999969482422,73.27999877929688,334833
2021-06-25,74.05000305175781,74.18000030517578,72.8499984741211,73.31999969482422,364721
2021-06-28,72.91000366210938,74.44999694824219,72.62000274658203,73.98999786376953,354701
2021-06-29,72.9800033569336,73.80999755859375,71.97000122070312,72.77999877929688,321448
2021-06-30,73.47000122070312,74.13999938964844,72.81999969482422,73.47000122070312,383626
2021-07-01,75.2300033569336,76.22000122070312,73.38999938964844,73.5,615678
2021-07-02,75.16000366210938,75.62000274658203,74.41000366210938,75.0199966430664,377531
2021-07-06,73.37000274658203,76.9800033569336,72.94000244140625,75.3499984741211,714044
2021-07-07,72.19999694824219,74.86000061035156,71.06999969482422,73.8499984741211,607971
2021-07-08,72.94000244140625,73.26000213623047,70.76000213623047,72.16999816894531,529690
2021-07-09,74.55999755859375,74.76000213623047,72.72000122070312,73.26000213623047,422154
2021-07-12,74.0999984741211,74.93000030517578,73.16000366210938,74.73999786376953,397931
2021-07-13,75.25,75.5199966430664,73.68000030517578,74.18000030517578,444078
2021-07-14,73.12999725341797,75.44000244140625,72.20999908447266,75.16999816894531,528360
2021-07-15,71.6500015258789,72.95999908447266,71.4000015258789,72.95999908447266,368679
2021-07-16,71.80999755859375,72.30000305175781,70.41000366210938,71.4800033569336,133926
2021-07-19,66.41999816894531,71.66999816894531,65.62999725341797,71.48999786376953,82565
2021-07-20,67.41999816894531,67.6500015258789,65.20999908447266,66.5999984741211,561629
2021-07-21,70.30000305175781,70.51000213623047,66.44000244140625,66.44999694824219,503030
2021-07-22,71.91000366210938,72.02999877929688,69.86000061035156,70.22000122070312,435181
2021-07-23,72.06999969482422,72.20999908447266,71.38999938964844,71.70999908447266,274778
2021-07-26,71.91000366210938,72.43000030517578,70.55999755859375,72.18000030517578,395743
2021-07-27,71.6500015258789,72.33000183105469,71.08000183105469,72.22000122070312,333123
2021-07-28,72.38999938964844,72.5999984741211,71.69999694824219,71.9000015258789,318911
2021-07-29,73.62000274658203,73.68000030517578,72.26000213623047,72.4000015258789,294462
2021-07-30,73.94999694824219,74.2300033569336,72.93000030517578,73.41000366210938,303700
2021-08-02,71.26000213623047,73.94999694824219,70.55000305175781,73.91000366210938,448200
2021-08-03,70.55999755859375,71.95999908447266,69.19000244140625,71.5199966430664,509938
2021-08-04,68.1500015258789,70.80999755859375,67.8499984741211,70.31999969482422,582924
2021-08-05,69.08999633789062,69.3499984741211,67.61000061035156,68.05999755859375,416331
2021-08-06,68.27999877929688,70.18000030517578,67.80000305175781,69.13999938964844,537136
2021-08-09,66.4800033569336,67.9000015258789,65.1500015258789,67.87999725341797,598381
2021-08-10,68.29000091552734,68.9000015258789,66.55999755859375,66.8499984741211,452126
2021-08-11,69.25,69.44999694824219,66.66999816894531,68.51000213623047,513292
2021-08-12,69.08999633789062,69.62000274658203,68.45999908447266,69.36000061035156,352465
2021-08-13,68.44000244140625,69.22000122070312,67.7699966430664,68.91000366210938,272033
2021-08-16,67.29000091552734,68.13999938964844,65.7300033569336,68.12999725341797,334844
2021-08-17,66.58999633789062,67.72000122070312,66.33000183105469,67.43000030517578,235303
2021-08-18,65.45999908447266,67.4800033569336,64.33999633789062,66.58000183105469,121197
2021-08-19,63.689998626708984,64.76000213623047,62.630001068115234,64.58000183105469,88237
2021-08-20,62.31999969482422,64.0999984741211,62.11000061035156,64.05000305175781,365009
2021-08-23,65.63999938964844,66.0,61.7400016784668,61.959999084472656,397290
2021-08-24,67.54000091552734,67.80000305175781,65.41000366210938,65.54000091552734,335888
2021-08-25,68.36000061035156,68.54000091552734,66.91999816894531,67.62999725341797,353742
2021-08-26,67.41999816894531,68.30999755859375,67.0199966430664,68.0,344286
2021-08-27,68.73999786376953,69.05000305175781,67.5199966430664,67.75,326056
2021-08-30,69.20999908447266,69.63999938964844,67.66999816894531,69.30000305175781,360797
2021-08-31,68.5,69.33999633789062,68.16000366210938,69.18000030517578,325853
2021-09-01,68.58999633789062,69.23999786376953,67.12000274658203,68.55000305175781,399497
2021-09-02,69.98999786376953,70.61000061035156,67.83999633789062,68.29000091552734,403314
2021-09-03,69.29000091552734,70.52999877929688,69.05000305175781,69.76000213623047,313086
2021-09-07,68.3499984741211,69.4800033569336,67.63999938964844,69.11000061035156,481704
2021-09-08,69.30000305175781,69.75,68.30999755859375,68.37000274658203,389325
2021-09-09,68.13999938964844,69.88999938964844,67.55999755859375,69.36000061035156,556451
2021-09-10,69.72000122070312,69.95999908447266,67.68000030517578,67.97000122070312,411079
2021-09-13,70.44999694824219,70.97000122070312,69.51000213623047,69.73999786376953,390939
2021-09-14,70.45999908447266,71.22000122070312,69.9800033569336,70.63999938964844,414231
2021-09-15,72.61000061035156,73.13999938964844,70.6500015258789,70.76000213623047,418665
2021-09-16,72.61000061035156,72.98999786376953,71.52999877929688,72.6500015258789,298412
2021-09-17,71.97000122070312,72.72000122070312,71.20999908447266,72.62000274658203,119933
2021-09-20,70.29000091552734,72.08000183105469,69.86000061035156,71.91999816894531,75837
2021-09-21,70.55999755859375,71.62999725341797,69.66999816894531,70.58999633789062,393403
2021-09-22,72.2300033569336,72.30000305175781,70.63999938964844,70.8499984741211,381061
2021-09-23,73.30000305175781,73.5,71.61000061035156,71.97000122070312,403405
2021-09-24,73.9800033569336,74.2699966430664,72.80999755859375,73.23999786376953,350382
2021-09-27,75.44999694824219,75.75,74.16000366210938,74.19000244140625,417829
2021-09-28,75.29000091552734,76.66999816894531,74.23999786376953,75.43000030517578,476143
2021-09-29,74.83000183105469,75.79000091552734,73.73999786376953,74.37999725341797,424193
2021-09-30,75.02999877929688,76.06999969482422,73.13999938964844,74.77999877929688,583189
2021-10-01,75.87999725341797,75.98999786376953,74.2300033569336,75.12000274658203,388996
2021-10-04,77.62000274658203,78.37999725341797,75.31999969482422,75.9000015258789,458006
2021-10-05,78.93000030517578,79.4800033569336,77.47000122070312,77.58000183105469,449617
2021-10-06,77.43000030517578,79.77999877929688,76.83000183105469,79.04000091552734,459055
2021-10-07,78.30000305175781,78.88999938964844,74.95999908447266,77.0,545008
2021-10-08,79.3499984741211,80.11000061035156,78.62999725341797,78.86000061035156,662010
2021-10-11,80.5199966430664,82.18000030517578,79.55000305175781,79.58999633789062,653756
2021-10-12,80.63999938964844,81.62000274658203,79.47000122070312,80.5,598181
2021-10-13,80.44000244140625,81.04000091552734,79.41999816894531,80.58000183105469,487220
2021-10-14,81.30999755859375,81.68000030517578,80.37999725341797,80.58999633789062,399813
2021-10-15,82.27999877929688,82.66000366210938,81.38999938964844,81.4800033569336,277953
2021-10-18,82.44000244140625,83.87000274658203,81.83999633789062,82.5999984741211,134098
2021-10-19,82.95999908447266,83.73999786376953,81.80000305175781,82.37000274658203,82607
2021-10-20,83.87000274658203,84.25,81.30000305175781,83.33999633789062,530693
2021-10-21,82.5,83.95999908447266,80.79000091552734,83.58000183105469,567503
2021-10-22,83.76000213623047,84.22000122070312,81.76000213623047,82.61000061035156,465355
2021-10-25,83.76000213623047,85.41000366210938,83.38999938964844,83.9800033569336,568725
2021-10-26,84.6500015258789,84.87999725341797,82.97000122070312,83.72000122070312,467716
2021-10-27,82.66000366210938,84.51000213623047,82.01000213623047,84.38999938964844,529952
2021-10-28,82.80999755859375,83.20999908447266,80.58000183105469,82.25,491585
2021-10-29,83.56999969482422,83.73999786376953,81.41000366210938,83.08999633789062,507309
2021-11-01,84.05000305175781,84.87999725341797,82.73999786376953,83.36000061035156,412309
2021-11-02,83.91000366210938,84.41000366210938,82.91999816894531,83.87000274658203,429608
2021-11-03,80.86000061035156,83.08000183105469,79.69000244140625,83.06999969482422,546577
2021-11-04,78.80999755859375,83.41999816894531,78.25,80.18000030517578,701119
2021-11-05,81.2699966430664,81.80000305175781,78.95999908447266,79.37000274658203,531054
2021-11-08,81.93000030517578,82.66999816894531,81.05000305175781,81.12999725341797,393953
2021-11-09,84.1500015258789,84.62999725341797,81.77999877929688,82.16000366210938,504832
2021-11-10,81.33999633789062,84.97000122070312,80.80999755859375,84.52999877929688,555215
2021-11-11,81.58999633789062,82.33000183105469,80.19999694824219,81.41000366210938,475436
2021-11-12,80.79000091552734,81.62000274658203,79.77999877929688,81.20999908447266,390304
2021-11-15,80.87999725341797,81.19999694824219,79.30000305175781,80.66000366210938,343484
2021-11-16,80.76000213623047,81.80999755859375,80.02999877929688,80.93000030517578,325668
2021-11-17,78.36000061035156,80.69000244140625,77.69000244140625,80.54000091552734,174471
2021-11-18,79.01000213623047,79.36000061035156,77.08000183105469,78.33999633789062,83984
2021-11-19,76.0999984741211,79.91999816894531,75.37000274658203,78.76000213623047,623448
2021-11-22,76.75,77.16000366210938,74.76000213623047,75.75,465768
2021-11-23,78.5,78.86000061035156,75.30000305175781,76.45999908447266,506987
2021-11-24,78.38999938964844,79.2300033569336,77.9800033569336,78.4800033569336,328848
2021-11-26,68.1500015258789,78.6500015258789,67.4000015258789,78.33999633789062,844630
2021-11-29,69.94999694824219,72.93000030517578,68.86000061035156,69.2300033569336,675090
2021-11-30,66.18000030517578,71.22000122070312,64.43000030517578,70.04000091552734,722475
2021-12-01,65.56999969482422,69.48999786376953,64.83999633789062,67.01000213623047,602447
2021-12-02,66.5,67.48999786376953,62.43000030517578,65.62999725341797,668293
2021-12-03,66.26000213623047,69.22000122070312,65.5999984741211,67.5,449974
2021-12-06,69.48999786376953,70.1500015258789,66.72000122070312,67.0199966430664,401060
2021-12-07,72.05000305175781,73.02999877929688,69.5199966430664,69.72000122070312,496528
2021-12-08,72.36000061035156,73.0,70.91000366210938,71.86000061035156,464846
2021-12-09,70.94000244140625,73.33999633789062,70.38999938964844,72.5199966430664,393205
2021-12-10,71.66999816894531,72.33000183105469,70.31999969482422,70.68000030517578,397883
2021-12-13,71.29000091552734,73.0,70.70999908447266,72.04000091552734,406604
2021-12-14,70.7300033569336,72.02999877929688,69.51000213623047,71.12000274658203,359454
2021-12-15,70.87000274658203,71.66000366210938,69.38999938964844,70.3499984741211,294337
2021-12-16,72.37999725341797,72.98999786376953,71.02999877929688,71.4800033569336,142541
2021-12-17,70.86000061035156,72.26000213623047,69.88999938964844,71.91999816894531,78125
2021-12-20,68.2300033569336,70.06999969482422,66.04000091552734,70.06999969482422,492217
2021-12-21,71.12000274658203,71.55000305175781,68.55999755859375,69.20999908447266,358779
2021-12-22,72.76000213623047,73.16000366210938,70.80000305175781,71.2699966430664,306709
2021-12-23,73.79000091552734,73.94999694824219,72.2699966430664,73.02999877929688,270223
2021-12-27,75.56999969482422,76.08999633789062,72.56999969482422,73.37999725341797,268490
2021-12-28,75.9800033569336,76.91999816894531,75.52999877929688,75.97000122070312,249728
2021-12-29,76.55999755859375,77.37000274658203,75.36000061035156,76.04000091552734,283557
2021-12-30,76.98999786376953,77.44000244140625,75.77999877929688,76.58000183105469,231163
2021-12-31,75.20999908447266,77.08000183105469,74.94999694824219,76.66000366210938,237118
2022-01-03,76.08000183105469,76.45999908447266,74.2699966430664,75.69000244140625,317628
2022-01-04,76.98999786376953,77.63999938964844,75.69999694824219,76.0199966430664,372848
2022-01-05,77.8499984741211,78.58000183105469,76.51000213623047,77.18000030517578,397898
2022-01-06,79.45999908447266,80.23999786376953,76.7300033569336,77.23999786376953,476665
2022-01-07,78.9000015258789,80.47000122070312,78.5199966430664,79.62000274658203,414434
2022-01-10,78.2300033569336,79.44999694824219,77.83000183105469,78.87999725341797,389956
2022-01-11,81.22000122070312,81.58999633789062,78.36000061035156,78.41999816894531,481815
2022-01-12,82.63999938964844,83.0999984741211,81.16999816894531,81.37999725341797,420619
2022-01-13,82.12000274658203,82.94000244140625,81.38999938964844,82.81999969482422,364769
2022-01-14,83.81999969482422,84.44999694824219,81.58000183105469,81.7300033569336,364442
2022-01-18,85.43000030517578,86.62999725341797,83.5,84.31999969482422,163643
2022-01-19,86.95999908447266,87.91000366210938,85.7699966430664,86.61000061035156,113153
2022-01-20,86.9000015258789,87.81999969482422,86.0,86.2300033569336,532202
2022-01-21,85.13999938964844,85.55999755859375,82.77999877929688,84.56999969482422,509103
2022-01-24,83.30999755859375,86.08999633789062,81.9000015258789,84.91000366210938,511695
2022-01-25,85.5999984741211,85.70999908447266,82.98999786376953,84.1500015258789,507219
2022-01-26,87.3499984741211,87.94999694824219,85.01000213623047,85.26000213623047,459642
2022-01-27,86.61000061035156,88.54000091552734,86.19999694824219,87.1500015258789,427804
2022-01-28,86.81999969482422,88.83999633789062,86.44000244140625,87.5,436172
2022-01-31,88.1500015258789,88.38999938964844,86.33999633789062,87.44999694824219,359080
2022-02-01,88.19999694824219,88.87000274658203,86.55000305175781,88.1500015258789,376841
2022-02-02,88.26000213623047,89.72000122070312,87.0999984741211,88.3499984741211,456863
2022-02-03,90.2699966430664,90.44999694824219,86.75,87.9800033569336,465771
2022-02-04,92.30999755859375,93.16999816894531,90.06999969482422,90.19000244140625,410926
2022-02-07,91.31999969482422,92.7300033569336,90.7300033569336,91.81999969482422,497754
2022-02-08,89.36000061035156,91.68000030517578,88.51000213623047,91.63999938964844,467386
2022-02-09,89.66000366210938,90.58000183105469,88.41000366210938,89.86000061035156,445618
2022-02-10,89.87999725341797,91.73999786376953,89.02999877929688,90.01000213623047,492091
2022-02-11,93.0999984741211,94.66000366210938,89.19000244140625,90.0,554423
2022-02-14,95.45999908447266,95.81999969482422,92.08999633789062,93.91000366210938,467071
2022-02-15,92.06999969482422,95.16999816894531,90.66000366210938,94.83000183105469,442641
2022-02-16,93.66000366210938,95.01000213623047,90.0,92.20999908447266,401453
2022-02-17,91.76000213623047,93.36000061035156,90.62000274658203,90.9000015258789,212552
2022-02-18,91.06999969482422,92.66000366210938,89.02999877929688,91.62999725341797,150382
2022-02-22,92.3499984741211,96.0,90.3499984741211,91.75,789041
2022-02-23,92.0999984741211,93.9000015258789,90.63999938964844,91.73999786376953,440574
2022-02-24,92.80999755859375,100.54000091552734,91.44999694824219,92.5199966430664,872244
2022-02-25,91.58999633789062,95.63999938964844,90.05999755859375,93.31999969482422,523793
2022-02-28,95.72000122070312,99.0999984741211,94.43000030517578,94.98999786376953,490796
2022-03-01,103.41000366210938,106.77999877929688,95.31999969482422,96.08999633789062,698814
2022-03-02,110.5999984741211,112.51000213623047,105.18000030517578,107.12000274658203,651853
2022-03-03,107.66999816894531,116.56999969482422,106.43000030517578,111.33000183105469,592031
2022-03-04,115.68000030517578,116.0199966430664,107.25,107.95999908447266,493875
2022-03-07,119.4000015258789,130.5,115.54000091552734,121.33000183105469,576022
2022-03-08,123.69999694824219,129.44000244140625,117.06999969482422,120.66999816894531,583106
2022-03-09,108.69999694824219,126.83999633789062,103.62999725341797,124.66000366210938,594773
2022-03-10,106.0199966430664,114.87999725341797,105.52999877929688,110.41000366210938,437924
2022-03-11,109.33000183105469,110.29000091552734,104.4800033569336,105.98999786376953,368194
2022-03-14,103.01000213623047,109.72000122070312,99.76000213623047,109.41999816894531,344184
2022-03-15,96.44000244140625,102.58000183105469,93.52999877929688,102.27999877929688,401690
2022-03-16,95.04000091552734,99.22000122070312,94.06999969482422,95.2300033569336,293947
2022-03-17,102.9800033569336,104.23999786376953,94.8499984741211,95.33999633789062,210763
2022-03-18,104.69999694824219,106.27999877929688,102.30000305175781,103.62000274658203,74247
2022-03-21,112.12000274658203,112.69000244140625,104.08000183105469,105.12999725341797,77217
2022-03-22,111.76000213623047,115.01000213623047,109.30000305175781,112.9000015258789,318629
2022-03-23,114.93000030517578,115.4000015258789,108.37999725341797,108.8499984741211,289182
2022-03-24,112.33999633789062,116.63999938964844,110.61000061035156,114.47000122070312,307238
2022-03-25,113.9000015258789,114.12000274658203,108.68000030517578,111.75,320304
2022-03-28,105.95999908447266,112.93000030517578,102.83000183105469,112.91999816894531,372251
2022-03-29,104.23999786376953,107.83999633789062,98.44000244140625,103.47000122070312,387200
2022-03-30,107.81999969482422,108.75,104.55000305175781,105.23999786376953,284544
2022-03-31,100.27999877929688,107.80000305175781,99.66000366210938,107.44999694824219,450845
2022-04-01,99.2699966430664,101.75,97.77999877929688,101.2300033569336,324777
2022-04-04,103.27999877929688,103.94000244140625,98.05000305175781,98.94999694824219,288131
2022-04-05,101.95999908447266,105.58999633789062,99.87999725341797,103.66000366210938,280283
2022-04-06,96.2300033569336,104.0199966430664,95.7300033569336,101.23999786376953,366036
2022-04-07,96.02999877929688,98.81999969482422,93.80999755859375,97.16000366210938,367318
2022-04-08,98.26000213623047,98.76000213623047,95.29000091552734,97.16999816894531,310082
2022-04-11,94.29000091552734,98.5199966430664,92.93000030517578,98.4000015258789,315873
2022-04-12,100.5999984741211,101.3499984741211,94.83999633789062,95.16999816894531,329037
2022-04-13,104.25,104.47000122070312,99.87000274658203,100.91000366210938,312502
2022-04-14,106.94999694824219,107.63999938964844,102.12000274658203,104.19999694824219,244952
2022-04-18,108.20999908447266,109.80999755859375,106.0,107.02999877929688,68489
2022-04-19,102.55999755859375,108.91999816894531,102.0999984741211,107.75,71792
2022-04-20,102.75,104.16000366210938,100.69999694824219,103.05000305175781,299028
2022-04-21,103.79000091552734,105.41999816894531,102.01000213623047,102.5,280321
2022-04-22,102.06999969482422,104.22000122070312,101.05999755859375,104.06999969482422,246116
2022-04-25,98.54000091552734,101.55000305175781,95.27999877929688,101.37999725341797,328153
2022-04-26,101.69999694824219,102.77999877929688,97.05999755859375,98.63999938964844,351850
2022-04-27,102.0199966430664,102.98999786376953,99.80000305175781,101.76000213623047,278781
2022-04-28,105.36000061035156,105.68000030517578,100.12999725341797,102.11000061035156,312064
2022-04-29,104.69000244140625,107.98999786376953,103.77999877929688,105.16999816894531,294386
2022-05-02,105.16999816894531,105.94000244140625,100.27999877929688,104.0,261878
2022-05-03,102.41000366210938,105.80000305175781,102.0999984741211,105.08000183105469,239266
2022-05-04,107.80999755859375,108.61000061035156,102.94999694824219,103.5,272909
2022-05-05,108.26000213623047,111.37000274658203,106.44999694824219,107.58000183105469,286916
2022-05-06,109.7699966430664,111.18000030517578,107.23999786376953,108.69999694824219,294278
2022-05-09,103.08999633789062,110.48999786376953,102.12999725341797,110.43000030517578,368183
2022-05-10,99.76000213623047,104.16000366210938,98.86000061035156,102.6500015258789,389750
2022-05-11,105.70999908447266,106.44000244140625,98.19999694824219,99.0,382701
2022-05-12,106.12999725341797,107.37000274658203,102.66000366210938,105.62999725341797,323547
2022-05-13,110.48999786376953,110.63999938964844,106.29000091552734,106.6500015258789,240989
2022-05-16,114.19999694824219,114.9000015258789,108.11000061035156,110.9800033569336,289127
2022-05-17,112.4000015258789,115.55999755859375,111.75,113.87000274658203,252630
2022-05-18,109.58999633789062,115.41999816894531,108.45999908447266,113.66000366210938,103669
2022-05-19,112.20999908447266,112.62000274658203,105.12999725341797,109.08999633789062,68511
2022-05-20,113.2300033569336,114.04000091552734,110.8499984741211,111.44999694824219,229930
2022-05-23,110.29000091552734,111.95999908447266,109.1500015258789,110.55999755859375,215623
2022-05-24,109.7699966430664,111.43000030517578,108.61000061035156,110.41000366210938,224794
2022-05-25,110.33000183105469,111.68000030517578,109.2300033569336,110.38999938964844,191370
2022-05-26,114.08999633789062,114.83000183105469,110.2699966430664,110.69000244140625,234752
2022-05-27,115.06999969482422,115.30000305175781,112.8499984741211,114.19999694824219,217281
2022-05-31,114.66999816894531,119.9800033569336,114.1500015258789,114.95999908447266,440796
2022-06-01,115.26000213623047,117.87000274658203,114.58000183105469,115.4000015258789,290530
2022-06-02,116.87000274658203,117.7699966430664,111.19999694824219,114.80000305175781,327600
2022-06-03,118.87000274658203,120.45999908447266,115.2300033569336,117.55000305175781,240831
2022-06-06,118.5,120.98999786376953,117.62999725341797,120.81999969482422,246825
2022-06-07,119.41000366210938,120.36000061035156,117.13999938964844,119.0999984741211,341694
2022-06-08,122.11000061035156,123.18000030517578,119.30000305175781,119.79000091552734,340591
2022-06-09,121.51000213623047,122.72000122070312,120.79000091552734,122.43000030517578,293295
2022-06-10,120.66999816894531,122.75,118.33000183105469,121.45999908447266,352906
2022-06-13,120.93000030517578,122.25,117.47000122070312,120.19000244140625,372403
2022-06-14,118.93000030517578,123.68000030517578,116.62000274658203,121.08999633789062,366320
2022-06-15,115.30999755859375,119.61000061035156,114.5999984741211,119.06999969482422,301750
2022-06-16,117.58999633789062,118.08000183105469,112.30999755859375,115.9800033569336,162543
2022-06-17,109.55999755859375,118.97000122070312,108.25,117.08000183105469,103149
2022-06-21,110.6500015258789,112.47000122070312,108.72000122070312,110.58000183105469,427262
2022-06-22,106.19000244140625,109.76000213623047,101.52999877929688,109.54000091552734,432724
2022-06-23,104.2699966430664,107.05000305175781,102.31999969482422,104.41999816894531,346362
2022-06-24,107.62000274658203,108.58000183105469,103.63999938964844,103.98999786376953,321591
2022-06-27,109.56999969482422,110.54000091552734,105.5999984741211,107.22000122070312,282914
2022-06-28,111.76000213623047,112.22000122070312,109.62000274658203,110.18000030517578,306748
2022-06-29,109.77999877929688,114.05000305175781,109.22000122070312,111.86000061035156,322060
2022-06-30,105.76000213623047,110.44999694824219,105.0999984741211,109.69999694824219,362890
2022-07-01,108.43000030517578,109.33999633789062,104.55999755859375,106.01000213623047,305338
2022-07-05,99.5,111.44999694824219,97.43000030517578,108.80000305175781,594215
2022-07-06,98.52999877929688,102.13999938964844,95.0999984741211,100.36000061035156,444106
2022-07-07,102.7300033569336,104.4800033569336,96.56999969482422,98.22000122070312,379861
2022-07-08,104.79000091552734,105.23999786376953,101.51000213623047,102.22000122070312,327461
2022-07-11,104.08999633789062,105.05000305175781,100.88999938964844,104.79000091552734,348566
2022-07-12,95.83999633789062,103.48999786376953,95.3499984741211,103.45999908447266,398552
2022-07-13,96.30000305175781,97.95999908447266,93.66999816894531,95.88999938964844,347193
2022-07-14,95.77999877929688,97.0,90.55999755859375,96.56999969482422,387528
2022-07-15,97.58999633789062,99.02999877929688,94.56999969482422,96.38999938964844,240766
2022-07-18,102.5999984741211,102.80000305175781,95.8499984741211,97.2699966430664,84669
2022-07-19,104.22000122070312,104.45999908447266,99.8499984741211,102.0,63149
2022-07-20,102.26000213623047,104.38999938964844,101.51000213623047,103.5999984741211,315620
2022-07-21,96.3499984741211,99.98999786376953,94.58999633789062,99.91000366210938,318911
2022-07-22,94.69999694824219,97.94999694824219,94.2300033569336,96.51000213623047,307568
2022-07-25,96.69999694824219,96.94000244140625,93.01000213623047,95.0999984741211,278998
2022-07-26,94.9800033569336,99.0,94.76000213623047,96.33000183105469,310043
2022-07-27,97.26000213623047,98.58999633789062,94.30000305175781,95.5999984741211,321903
2022-07-28,96.41999816894531,99.83999633789062,96.04000091552734,98.16999816894531,318403
2022-07-29,98.62000274658203,101.87999725341797,96.41000366210938,97.30000305175781,349374
2022-08-01,93.88999938964844,98.6500015258789,92.41999816894531,98.45999908447266,365293
2022-08-02,94.41999816894531,96.47000122070312,92.58999633789062,93.75,328538
2022-08-03,90.66000366210938,96.56999969482422,90.37999725341797,93.83000183105469,395099
2022-08-04,88.54000091552734,91.9000015258789,87.55000305175781,90.94999694824219,334931
2022-08-05,89.01000213623047,90.76000213623047,87.01000213623047,88.05999755859375,350016
2022-08-08,90.76000213623047,90.88999938964844,87.22000122070312,88.45999908447266,340157
2022-08-09,90.5,92.6500015258789,89.05000305175781,90.69000244140625,347045
2022-08-10,91.93000030517578,92.43000030517578,87.66000366210938,90.51000213623047,383766
2022-08-11,94.33999633789062,95.05000305175781,91.23999786376953,91.55000305175781,341234
2022-08-12,92.08999633789062,94.80999755859375,91.16000366210938,94.08999633789062,264953
2022-08-15,89.41000366210938,92.0999984741211,86.81999969482422,91.94000244140625,275443
2022-08-16,86.52999877929688,90.6500015258789,85.7300033569336,87.93000030517578,305366
2022-08-17,88.11000061035156,89.16000366210938,85.87999725341797,87.0999984741211,230346
2022-08-18,90.5,91.45999908447266,87.31999969482422,87.38999938964844,80029
2022-08-19,90.7699966430664,92.08999633789062,88.37999725341797,90.38999938964844,58714
2022-08-22,90.2300033569336,91.26000213623047,86.5999984741211,89.6500015258789,352665
2022-08-23,93.73999786376953,94.22000122070312,90.41999816894531,90.55000305175781,285607
2022-08-24,94.88999938964844,95.4000015258789,92.79000091552734,93.77999877929688,320388
2022-08-25,92.5199966430664,95.76000213623047,92.29000091552734,95.3499984741211,279877
2022-08-26,93.05999755859375,94.0199966430664,91.08000183105469,93.05999755859375,288392
2022-08-29,97.01000213623047,97.37000274658203,92.29000091552734,92.95999908447266,283463
2022-08-30,91.63999938964844,97.66000366210938,90.54000091552734,96.9000015258789,386272
2022-08-31,89.55000305175781,92.7300033569336,88.2699966430664,92.30999755859375,344147
2022-09-01,86.61000061035156,89.62999725341797,85.9800033569336,88.83000183105469,305106
2022-09-02,86.87000274658203,89.66000366210938,86.3499984741211,86.55999755859375,277533
2022-09-06,86.87999725341797,90.38999938964844,86.18000030517578,86.83999633789062,420255
2022-09-07,81.94000244140625,87.76000213623047,81.5,86.93000030517578,380781
2022-09-08,83.54000091552734,84.25,81.19999694824219,81.91000366210938,342763
2022-09-09,86.79000091552734,87.19999694824219,82.70999908447266,82.80000305175781,305188
2022-09-12,87.77999877929688,89.0999984741211,85.16000366210938,86.25,275104
2022-09-13,87.30999755859375,89.30999755859375,85.05999755859375,88.08999633789062,347998
2022-09-14,88.4800033569336,90.19000244140625,86.18000030517578,87.94000244140625,335381
2022-09-15,85.0999984741211,89.1500015258789,84.52999877929688,88.91000366210938,235358
2022-09-16,85.11000061035156,86.58999633789062,84.2699966430664,85.16000366210938,87829
2022-09-19,85.7300033569336,86.22000122070312,82.0999984741211,85.20999908447266,59626
2022-09-20,84.44999694824219,86.44999694824219,83.5199966430664,85.61000061035156,279813
2022-09-21,82.94000244140625,86.68000030517578,82.48999786376953,84.25,339683
2022-09-22,83.48999786376953,86.0,82.4000015258789,83.06999969482422,303492
2022-09-23,78.73999786376953,83.91999816894531,78.04000091552734,83.54000091552734,334271
2022-09-26,76.70999908447266,80.30999755859375,76.25,79.2300033569336,280927
2022-09-27,78.5,79.51000213623047,76.41999816894531,76.47000122070312,283614
2022-09-28,82.1500015258789,82.33999633789062,76.55000305175781,78.08000183105469,324678
2022-09-29,81.2300033569336,82.94000244140625,80.33999633789062,81.9000015258789,286126
2022-09-30,79.48999786376953,82.55999755859375,79.13999938964844,81.73999786376953,253154
2022-10-03,83.62999725341797,84.55999755859375,80.87000274658203,81.0199966430664,287168
2022-10-04,86.5199966430664,86.9800033569336,83.22000122070312,83.22000122070312,302549
2022-10-05,87.76000213623047,88.41999816894531,85.41999816894531,86.37000274658203,329790
2022-10-06,88.44999694824219,89.06999969482422,87.04000091552734,88.08000183105469,235296
2022-10-07,92.63999938964844,93.30999755859375,88.0,88.93000030517578,429162
2022-10-10,91.12999725341797,93.63999938964844,90.54000091552734,93.4800033569336,289508
2022-10-11,89.3499984741211,91.3499984741211,87.91000366210938,91.13999938964844,333158
2022-10-12,87.2699966430664,90.06999969482422,86.27999877929688,88.66999816894531,332271
2022-10-13,89.11000061035156,89.66000366210938,85.55999755859375,87.08000183105469,298032
2022-10-14,85.61000061035156,89.7300033569336,85.19999694824219,89.2699966430664,237026
2022-10-17,85.45999908447266,87.12000274658203,84.61000061035156,85.58999633789062,172020
2022-10-18,82.81999969482422,86.51000213623047,82.08999633789062,85.69999694824219,97304
2022-10-19,85.55000305175781,86.19999694824219,82.58999633789062,83.69000244140625,71309
2022-10-20,85.9800033569336,88.16999816894531,85.22000122070312,85.94000244140625,338344
2022-10-21,85.05000305175781,85.9000015258789,83.1500015258789,85.06999969482422,272803
2022-10-24,84.58000183105469,85.91999816894531,82.62999725341797,85.23999786376953,250726
2022-10-25,85.31999969482422,86.02999877929688,83.05999755859375,84.87999725341797,240441
2022-10-26,87.91000366210938,88.41000366210938,84.13999938964844,85.06999969482422,287182
2022-10-27,89.08000183105469,89.79000091552734,87.33000183105469,88.26000213623047,292556
2022-10-28,87.9000015258789,88.76000213623047,87.08000183105469,88.66999816894531,263404
2022-10-31,86.52999877929688,88.6500015258789,85.30000305175781,88.38999938964844,285342
2022-11-01,88.37000274658203,89.44999694824219,85.91999816894531,86.43000030517578,274321
2022-11-02,90.0,90.36000061035156,87.72000122070312,88.62000274658203,280961
2022-11-03,88.16999816894531,89.66999816894531,87.5999984741211,89.3499984741211,239816
2022-11-04,92.61000061035156,92.87000274658203,87.81999969482422,87.9000015258789,354060
2022-11-07,91.79000091552734,93.73999786376953,90.4000015258789,91.0,322419
2022-11-08,88.91000366210938,92.16999816894531,88.5199966430664,91.87000274658203,344223
2022-11-09,85.83000183105469,89.23999786376953,85.5,88.56999969482422,388301
2022-11-10,86.47000122070312,87.3499984741211,84.69999694824219,85.8499984741211,340007
2022-11-11,88.95999908447266,90.0999984741211,86.18000030517578,86.2699966430664,301664
2022-11-14,85.87000274658203,89.83999633789062,85.1500015258789,89.0199966430664,315450
2022-11-15,86.91999816894531,88.68000030517578,84.05999755859375,85.25,331709
2022-11-16,85.58999633789062,87.51000213623047,84.19999694824219,86.88999938964844,225668
2022-11-17,81.63999938964844,85.44999694824219,81.4000015258789,85.22000122070312,138476
2022-11-18,80.08000183105469,82.63999938964844,77.23999786376953,82.08999633789062,96583
2022-11-21,79.7300033569336,80.30000305175781,75.08000183105469,80.30000305175781,475104
2022-11-22,80.94999694824219,82.36000061035156,79.8499984741211,80.22000122070312,269615
2022-11-23,77.94000244140625,81.94999694824219,76.83000183105469,81.08000183105469,379145
2022-11-25,76.27999877929688,79.9000015258789,76.22000122070312,77.51000213623047,266451
2022-11-28,77.23999786376953,77.83999633789062,73.5999984741211,75.93000030517578,405033
2022-11-29,78.19999694824219,79.6500015258789,76.29000091552734,76.54000091552734,381869
2022-11-30,80.55000305175781,81.37999725341797,78.4000015258789,79.0,287534
2022-12-01,81.22000122070312,83.33999633789062,79.93000030517578,80.4000015258789,321432
2022-12-02,79.9800033569336,82.22000122070312,79.6500015258789,81.47000122070312,280235
2022-12-05,76.93000030517578,82.72000122070312,76.7699966430664,79.98999786376953,346657
2022-12-06,74.25,77.87999725341797,73.41000366210938,77.3499984741211,380598
2022-12-07,72.01000213623047,75.37999725341797,71.75,74.55000305175781,392236
2022-12-08,71.45999908447266,75.44000244140625,71.12000274658203,72.37999725341797,474459
2022-12-09,71.0199966430664,72.91999816894531,70.08000183105469,71.8499984741211,356722
2022-12-12,73.16999816894531,73.98999786376953,70.25,71.79000091552734,323553
2022-12-13,75.38999938964844,76.37000274658203,73.20999908447266,73.29000091552734,352858
2022-12-14,77.27999877929688,77.75,74.9000015258789,75.2699966430664,292488
2022-12-15,76.11000061035156,77.7699966430664,75.33000183105469,77.37000274658203,224663
2022-12-16,74.29000091552734,76.56999969482422,73.33000183105469,76.37000274658203,99205
2022-12-19,75.19000244140625,76.41000366210938,73.80999755859375,74.5,69348
2022-12-20,76.08999633789062,76.75,74.30999755859375,75.69999694824219,254792
2022-12-21,78.29000091552734,78.61000061035156,75.80000305175781,75.98999786376953,234624
2022-12-22,77.48999786376953,79.9000015258789,77.02999877929688,78.43000030517578,219142
2022-12-23,79.55999755859375,80.33000183105469,77.9800033569336,78.18000030517578,237711
2022-12-27,79.52999877929688,81.18000030517578,79.16000366210938,79.9000015258789,199601
2022-12-28,78.95999908447266,79.91999816894531,77.30000305175781,79.88999938964844,207717
2022-12-29,78.4000015258789,78.81999969482422,76.79000091552734,78.81999969482422,199858
2022-12-30,80.26000213623047,80.66999816894531,77.70999908447266,78.7300033569336,205909
2023-01-03,76.93000030517578,81.5,76.5999984741211,80.56999969482422,338520
2023-01-04,72.83999633789062,77.41999816894531,72.7300033569336,77.25,352434
2023-01-05,73.66999816894531,74.91999816894531,72.45999908447266,73.25,300731
2023-01-06,73.7699966430664,75.47000122070312,73.23999786376953,73.97000122070312,258128
2023-01-09,74.62999725341797,76.73999786376953,73.47000122070312,73.47000122070312,329290
2023-01-10,75.12000274658203,75.91999816894531,73.83999633789062,74.86000061035156,307430
2023-01-11,77.41000366210938,77.83999633789062,74.30999755859375,74.77999877929688,350891
2023-01-12,78.38999938964844,79.16000366210938,77.0999984741211,77.69999694824219,307705
2023-01-13,79.86000061035156,80.11000061035156,77.97000122070312,78.31999969482422,283539
2023-01-17,80.18000030517578,81.2300033569336,78.52999877929688,80.0999984741211,312275
2023-01-18,79.4800033569336,82.37999725341797,78.94000244140625,80.97000122070312,92549
2023-01-19,80.33000183105469,81.18000030517578,78.12999725341797,79.13999938964844,58863
2023-01-20,81.30999755859375,81.63999938964844,79.69000244140625,80.5999984741211,300145
2023-01-23,81.62000274658203,82.63999938964844,81.05000305175781,81.79000091552734,297076
2023-01-24,80.12999725341797,82.22000122070312,79.66000366210938,81.62000274658203,288207
2023-01-25,80.1500015258789,81.2300033569336,79.44999694824219,80.26000213623047,297234
2023-01-26,81.01000213623047,82.13999938964844,79.91999816894531,80.4800033569336,291060
2023-01-27,79.68000030517578,82.4800033569336,79.04000091552734,81.22000122070312,367588
2023-01-30,77.9000015258789,80.48999786376953,77.66000366210938,80.04000091552734,327426
2023-01-31,78.87000274658203,79.25,76.55000305175781,77.91000366210938,312734
2023-02-01,76.41000366210938,79.7300033569336,76.05000305175781,79.05999755859375,360859
2023-02-02,75.87999725341797,77.23999786376953,74.97000122070312,76.79000091552734,339755
2023-02-03,73.38999938964844,78.0,73.0999984741211,75.91999816894531,413414
2023-02-06,74.11000061035156,74.51000213623047,72.25,73.2300033569336,380028
2023-02-07,77.13999938964844,77.5999984741211,74.3499984741211,74.56999969482422,408279
2023-02-08,78.47000122070312,78.56999969482422,77.08000183105469,77.48999786376953,353468
2023-02-09,78.05999755859375,78.83999633789062,76.5199966430664,78.44999694824219,324156
2023-02-10,79.72000122070312,80.33000183105469,77.47000122070312,77.68000030517578,356062
2023-02-13,80.13999938964844,80.62000274658203,78.44999694824219,79.94000244140625,301299
2023-02-14,79.05999755859375,79.61000061035156,77.45999908447266,79.05999755859375,299938
2023-02-15,78.58999633789062,79.1500015258789,77.25,78.83000183105469,264486
2023-02-16,78.48999786376953,79.54000091552734,77.91999816894531,78.54000091552734,117600
2023-02-17,76.33999633789062,78.25,75.05999755859375,78.06999969482422,93267
2023-02-21,76.16000366210938,77.51000213623047,75.69000244140625,76.52999877929688,402351
2023-02-22,73.94999694824219,76.55000305175781,73.80000305175781,76.11000061035156,332018
2023-02-23,75.38999938964844,75.98999786376953,73.83000183105469,73.91999816894531,333838
2023-02-24,76.31999969482422,76.62999725341797,74.08999633789062,75.5999984741211,329254
2023-02-27,75.68000030517578,76.81999969482422,74.98999786376953,76.41999816894531,266091
2023-02-28,77.05000305175781,77.83000183105469,75.55000305175781,75.76000213623047,300093
2023-03-01,77.69000244140625,77.8499984741211,76.12000274658203,76.8499984741211,342121
2023-03-02,78.16000366210938,78.58999633789062,77.2300033569336,77.73999786376953,260331
2023-03-03,79.68000030517578,79.9000015258789,75.83000183105469,77.88999938964844,374201
2023-03-06,80.45999908447266,80.62999725341797,78.31999969482422,79.91999816894531,292351
2023-03-07,77.58000183105469,80.94000244140625,77.05999755859375,80.5,398241
2023-03-08,76.66000366210938,77.7300033569336,76.11000061035156,77.31999969482422,335930
2023-03-09,75.72000122070312,78.05999755859375,75.43000030517578,76.5,349960
2023-03-10,76.68000030517578,77.11000061035156,74.7699966430664,75.6500015258789,371834
2023-03-13,74.80000305175781,77.47000122070312,72.30000305175781,76.5999984741211,457423
2023-03-14,71.33000183105469,74.9000015258789,70.77999877929688,74.69999694824219,432858
2023-03-15,67.61000061035156,72.55999755859375,65.6500015258789,71.55999755859375,555164
2023-03-16,68.3499984741211,69.37999725341797,65.70999908447266,68.22000122070312,327120
2023-03-17,66.73999786376953,69.63999938964844,65.16999816894531,68.26000213623047,152255
2023-03-20,67.63999938964844,67.69999694824219,64.12000274658203,66.62000274658203,76873
2023-03-21,69.33000183105469,69.5999984741211,66.7699966430664,67.62000274658203,409495
2023-03-22,70.9000015258789,71.30999755859375,68.88999938964844,69.4800033569336,337639
2023-03-23,69.95999908447266,71.66999816894531,69.13999938964844,69.94999694824219,335241
2023-03-24,69.26000213623047,70.37999725341797,66.81999969482422,69.51000213623047,380852
2023-03-27,72.80999755859375,73.0999984741211,69.12999725341797,69.41999816894531,353598
2023-03-28,73.19999694824219,73.93000030517578,72.19000244140625,72.86000061035156,328472
2023-03-29,72.97000122070312,74.37000274658203,72.76000213623047,73.61000061035156,312669
2023-03-30,74.37000274658203,74.62999725341797,72.61000061035156,72.9800033569336,269743
2023-03-31,75.66999816894531,75.72000122070312,73.7699966430664,74.37000274658203,304361
2023-04-03,80.41999816894531,81.69000244140625,79.0,80.0999984741211,547126
2023-04-04,80.70999908447266,81.80999755859375,79.61000061035156,80.44000244140625,343570
2023-04-05,80.61000061035156,81.23999786376953,79.72000122070312,81.01000213623047,254974
2023-04-06,80.69999694824219,80.95999908447266,79.6500015258789,80.37000274658203,0
2023-04-10,79.73999786376953,81.22000122070312,79.61000061035156,80.5,264906
2023-04-11,81.52999877929688,81.58999633789062,79.37000274658203,79.87999725341797,309683
2023-04-12,83.26000213623047,83.52999877929688,81.27999877929688,81.44000244140625,356133
2023-04-13,82.16000366210938,83.44000244140625,82.11000061035156,83.22000122070312,261230
2023-04-14,82.5199966430664,83.12000274658203,81.76000213623047,82.4000015258789,275129
2023-04-17,80.83000183105469,82.70999908447266,80.47000122070312,82.4800033569336,217048
2023-04-18,80.86000061035156,81.4800033569336,79.87000274658203,81.0,96290
2023-04-19,79.16000366210938,81.18000030517578,78.45999908447266,80.91999816894531,78310
2023-04-20,77.29000091552734,78.88999938964844,76.97000122070312,78.87000274658203,361413
2023-04-21,77.87000274658203,78.38999938964844,76.72000122070312,77.12999725341797,291114
2023-04-24,78.76000213623047,79.18000030517578,76.72000122070312,77.97000122070312,306720
2023-04-25,77.06999969482422,79.06999969482422,76.5,78.73999786376953,361646
2023-04-26,74.30000305175781,77.93000030517578,74.05000305175781,77.08000183105469,497778
2023-04-27,74.76000213623047,75.27999877929688,74.02999877929688,74.37999725341797,345880
2023-04-28,76.77999877929688,76.91999816894531,73.93000030517578,74.91000366210938,328399
2023-05-01,75.66000366210938,76.69000244140625,74.52999877929688,76.66000366210938,215017
2023-05-02,71.66000366210938,76.11000061035156,71.41999816894531,75.76000213623047,417820
2023-05-03,68.5999984741211,71.79000091552734,67.94999694824219,71.55999755859375,490523
2023-05-04,68.55999755859375,69.83999633789062,63.63999938964844,68.16000366210938,412495
2023-05-05,71.33999633789062,71.80999755859375,68.4800033569336,68.69999694824219,330585
2023-05-08,73.16000366210938,73.69000244140625,71.04000091552734,71.3499984741211,290076
2023-05-09,73.70999908447266,73.77999877929688,71.33999633789062,72.83999633789062,317493
2023-05-10,72.55999755859375,73.88999938964844,71.80000305175781,73.58000183105469,351506
2023-05-11,70.87000274658203,73.5,70.62999725341797,72.7699966430664,365892
2023-05-12,70.04000091552734,71.77999877929688,69.93000030517578,71.41999816894531,275435
2023-05-15,71.11000061035156,71.69000244140625,69.41000366210938,70.04000091552734,259013
2023-05-16,70.86000061035156,71.79000091552734,70.44999694824219,71.31999969482422,232328
2023-05-17,72.83000183105469,73.26000213623047,70.04000091552734,70.5999984741211,273708
2023-05-18,71.86000061035156,72.87000274658203,71.41999816894531,72.75,80864
2023-05-19,71.55000305175781,73.4000015258789,71.02999877929688,71.94000244140625,69949
2023-05-22,71.98999786376953,72.36000061035156,70.55000305175781,71.69999694824219,263977
2023-05-23,72.91000366210938,73.79000091552734,71.70999908447266,72.0999984741211,317586
2023-05-24,74.33999633789062,74.7300033569336,73.12999725341797,73.7699966430664,386611
2023-05-25,71.83000183105469,74.37000274658203,70.9800033569336,74.20999908447266,422637
2023-05-26,72.66999816894531,73.05000305175781,71.48999786376953,71.88999938964844,261498
2023-05-30,69.45999908447266,73.55000305175781,69.0199966430664,73.2300033569336,440862
2023-05-31,68.08999633789062,69.69000244140625,67.02999877929688,69.62000274658203,444787
2023-06-01,70.0999984741211,71.06999969482422,67.51000213623047,67.5999984741211,395393
2023-06-02,71.73999786376953,72.16999816894531,70.0,70.20999908447266,322596
2023-06-05,72.1500015258789,75.05999755859375,71.7300033569336,75.02999877929688,383943
2023-06-06,71.73999786376953,72.33000183105469,70.12999725341797,71.98999786376953,314962
2023-06-07,72.52999877929688,73.19000244140625,71.01000213623047,71.55999755859375,299127
2023-06-08,71.29000091552734,73.27999877929688,69.02999877929688,72.47000122070312,485396
2023-06-09,70.16999816894531,71.7699966430664,70.0999984741211,70.94000244140625,300724
2023-06-12,67.12000274658203,70.33000183105469,66.80000305175781,70.2699966430664,404769
2023-06-13,69.41999816894531,69.83000183105469,67.1500015258789,67.30999755859375,366354
2023-06-14,68.2699966430664,70.48999786376953,68.06999969482422,69.3499984741211,304449
2023-06-15,70.62000274658203,70.95999908447266,67.97000122070312,68.69999694824219,115613
2023-06-16,71.77999877929688,71.88999938964844,69.94999694824219,70.55000305175781,99185
2023-06-20,70.5,72.08999633789062,69.6500015258789,71.44999694824219,430492
2023-06-21,72.52999877929688,72.72000122070312,70.80000305175781,70.9000015258789,264656
2023-06-22,69.51000213623047,72.6500015258789,68.93000030517578,72.43000030517578,421348
2023-06-23,69.16000366210938,69.6500015258789,67.3499984741211,69.52999877929688,322475
2023-06-26,69.37000274658203,70.11000061035156,68.70999908447266,69.83999633789062,280116
2023-06-27,67.69999694824219,70.1500015258789,67.5,69.48999786376953,384752
2023-06-28,69.55999755859375,69.7300033569336,67.05000305175781,68.01000213623047,368295
2023-06-29,69.86000061035156,70.5999984741211,68.93000030517578,69.25,292865
2023-06-30,70.63999938964844,71.04000091552734,69.52999877929688,69.81999969482422,299873
2023-07-03,69.79000091552734,71.7699966430664,69.69000244140625,70.44999694824219,303479
2023-07-05,71.79000091552734,72.16999816894531,69.9000015258789,70.1500015258789,456809
2023-07-06,71.80000305175781,72.33999633789062,70.22000122070312,71.80000305175781,395381
2023-07-07,73.86000061035156,73.91999816894531,71.19000244140625,71.88999938964844,362632
2023-07-10,72.98999786376953,74.1500015258789,72.66999816894531,73.86000061035156,301014
2023-07-11,74.83000183105469,74.95999908447266,72.9800033569336,73.19000244140625,326883
2023-07-12,75.75,76.1500015258789,74.66999816894531,74.83000183105469,352887
2023-07-13,76.88999938964844,77.33000183105469,75.31999969482422,75.8499984741211,379728
2023-07-14,75.41999816894531,77.30000305175781,75.11000061035156,77.16000366210938,299576
2023-07-17,74.1500015258789,76.08999633789062,73.83999633789062,75.0199966430664,244785
2023-07-18,75.75,75.95999908447266,73.87999725341797,74.18000030517578,125092
2023-07-19,75.3499984741211,76.97000122070312,75.06999969482422,75.83999633789062,92920
2023-07-20,75.62999725341797,76.1500015258789,74.72000122070312,75.3499984741211,340962
2023-07-21,77.06999969482422,77.29000091552734,75.69000244140625,75.69999694824219,308106
2023-07-24,78.73999786376953,79.27999877929688,76.44000244140625,77.01000213623047,368285
2023-07-25,79.62999725341797,79.9000015258789,78.29000091552734,78.8499984741211,349600
2023-07-26,78.77999877929688,79.7699966430664,78.55000305175781,79.33999633789062,322031
2023-07-27,80.08999633789062,80.5999984741211,78.87000274658203,78.9000015258789,374358
2023-07-28,80.58000183105469,80.70999908447266,79.06999969482422,79.83999633789062,299547
2023-07-31,81.80000305175781,82.0,80.12999725341797,80.6500015258789,297270
2023-08-01,81.37000274658203,82.22000122070312,80.58999633789062,81.7300033569336,307859
2023-08-02,79.48999786376953,82.43000030517578,79.05000305175781,82.05000305175781,414825
2023-08-03,81.55000305175781,81.86000061035156,78.69000244140625,79.7699966430664,402641
2023-08-04,82.81999969482422,83.23999786376953,81.51000213623047,81.7300033569336,320873
2023-08-07,81.94000244140625,83.30000305175781,81.5199966430664,82.81999969482422,293036
2023-08-08,82.91999816894531,83.08000183105469,79.9000015258789,82.52999877929688,424545
2023-08-09,84.4000015258789,84.6500015258789,82.66999816894531,82.87999725341797,478140
2023-08-10,82.81999969482422,84.88999938964844,82.58000183105469,84.25,362188
2023-08-11,83.19000244140625,83.80999755859375,82.2300033569336,82.83000183105469,331254
2023-08-14,82.51000213623047,83.19999694824219,81.76000213623047,83.08999633789062,277352
2023-08-15,80.98999786376953,82.91000366210938,80.4000015258789,82.5199966430664,303207
2023-08-16,79.37999725341797,81.43000030517578,79.05000305175781,81.2300033569336,325403
2023-08-17,80.38999938964844,81.08000183105469,78.94999694824219,79.25,235581
2023-08-18,81.25,81.61000061035156,79.58999633789062,80.04000091552734,128090
2023-08-21,80.72000122070312,82.47000122070312,80.61000061035156,81.43000030517578,115874
2023-08-22,80.3499984741211,80.98999786376953,80.0999984741211,80.80000305175781,287489
2023-08-23,78.88999938964844,79.91000366210938,77.62000274658203,79.63999938964844,378146
2023-08-24,79.05000305175781,79.27999877929688,77.58999633789062,78.56999969482422,349230
2023-08-25,79.83000183105469,80.44999694824219,78.13999938964844,78.87999725341797,411409
2023-08-28,80.0999984741211,80.87000274658203,79.61000061035156,80.1500015258789,246584
2023-08-29,81.16000366210938,81.41000366210938,79.33999633789062,79.9800033569336,284168
2023-08-30,81.62999725341797,82.05000305175781,80.87999725341797,81.29000091552734,299418
2023-08-31,83.62999725341797,83.69000244140625,81.4800033569336,81.69999694824219,368848
2023-09-01,85.55000305175781,86.05999755859375,83.45999908447266,83.62999725341797,420461
2023-09-05,86.69000244140625,88.06999969482422,85.0199966430664,86.05999755859375,452908
2023-09-06,87.54000091552734,88.08000183105469,85.93000030517578,86.72000122070312,307115
2023-09-07,86.87000274658203,87.73999786376953,86.38999938964844,87.54000091552734,270736
2023-09-08,87.51000213623047,87.94999694824219,86.1500015258789,86.77999877929688,294437
2023-09-11,87.29000091552734,88.1500015258789,86.70999908447266,87.4000015258789,292388
2023-09-12,88.83999633789062,89.37000274658203,87.22000122070312,87.2699966430664,341137
2023-09-13,88.5199966430664,89.63999938964844,88.29000091552734,88.75,345972
2023-09-14,90.16000366210938,90.79000091552734,88.68000030517578,88.80999755859375,325270
2023-09-15,90.7699966430664,91.2300033569336,89.22000122070312,90.66999816894531,315003
2023-09-18,91.4800033569336,92.43000030517578,90.75,91.19999694824219,119258
2023-09-19,91.19999694824219,93.73999786376953,91.06999969482422,92.22000122070312,94597
2023-09-20,90.27999877929688,91.9800033569336,89.87000274658203,91.55000305175781,457854
2023-09-21,89.62999725341797,90.9800033569336,88.37000274658203,89.30000305175781,351032
2023-09-22,90.02999877929688,91.33000183105469,89.30999755859375,89.62000274658203,402087
2023-09-25,89.68000030517578,90.83000183105469,89.02999877929688,90.55000305175781,328369
2023-09-26,90.38999938964844,90.73999786376953,88.19000244140625,89.87999725341797,318016
2023-09-27,93.68000030517578,94.16999816894531,90.4000015258789,90.52999877929688,504630
2023-09-28,91.70999908447266,95.02999877929688,91.38999938964844,93.77999877929688,406709
2023-09-29,90.79000091552734,93.0999984741211,90.3499984741211,91.76000213623047,355782
2023-10-02,88.81999969482422,91.87999725341797,88.45999908447266,90.81999969482422,334493
2023-10-03,89.2300033569336,90.2699966430664,87.76000213623047,88.66999816894531,350659
2023-10-04,84.22000122070312,89.58999633789062,84.16000366210938,89.41999816894531,459995
2023-10-05,82.30999755859375,84.91999816894531,82.1500015258789,84.44999694824219,465997
2023-10-06,82.79000091552734,83.27999877929688,81.5,82.27999877929688,461139
2023-10-09,86.37999725341797,87.23999786376953,84.66999816894531,85.25,435037
2023-10-10,85.97000122070312,86.73999786376953,85.12000274658203,86.43000030517578,337654
2023-10-11,83.48999786376953,86.51000213623047,83.11000061035156,85.95999908447266,425395
2023-10-12,82.91000366210938,85.19999694824219,82.30999755859375,83.19999694824219,373492
2023-10-13,87.69000244140625,87.83000183105469,83.3499984741211,83.51000213623047,356863
2023-10-16,86.66000366210938,88.33000183105469,86.31999969482422,87.72000122070312,235780
2023-10-17,86.66000366210938,87.75,85.5999984741211,87.05999755859375,197124
2023-10-18,88.31999969482422,89.87999725341797,87.19999694824219,87.80999755859375,92797
2023-10-19,89.37000274658203,90.68000030517578,86.5999984741211,88.23999786376953,72058
2023-10-20,88.75,90.77999877929688,88.33000183105469,90.27999877929688,311917
2023-10-23,85.48999786376953,88.29000091552734,85.3499984741211,88.0,315517
2023-10-24,83.73999786376953,86.30000305175781,82.94000244140625,86.1500015258789,370591
2023-10-25,85.38999938964844,85.55999755859375,82.08000183105469,83.69000244140625,429459
2023-10-26,83.20999908447266,85.58999633789062,82.55999755859375,85.37000274658203,341792
2023-10-27,85.54000091552734,85.9000015258789,83.0999984741211,83.52999877929688,333760
2023-10-30,82.30999755859375,85.30000305175781,81.81999969482422,85.0,356928
2023-10-31,81.0199966430664,83.37000274658203,80.73999786376953,82.58999633789062,346007
2023-11-01,80.44000244140625,83.41999816894531,80.30000305175781,81.4800033569336,321592
2023-11-02,82.45999908447266,82.83000183105469,80.22000122070312,80.81999969482422,307122
2023-11-03,80.51000213623047,83.5999984741211,80.0999984741211,82.58000183105469,457281
2023-11-06,80.81999969482422,82.23999786376953,80.66000366210938,81.12999725341797,271131
2023-11-07,77.37000274658203,81.05000305175781,77.08999633789062,80.93000030517578,396289
2023-11-08,75.33000183105469,77.52999877929688,74.91000366210938,77.12000274658203,429647
2023-11-09,75.73999786376953,77.16000366210938,75.20999908447266,75.6500015258789,303430
2023-11-10,77.16999816894531,77.7300033569336,75.30999755859375,75.58999633789062,266998
2023-11-13,78.26000213623047,78.63999938964844,76.20999908447266,77.1500015258789,262903
2023-11-14,78.26000213623047,79.7699966430664,77.79000091552734,78.52999877929688,263002
2023-11-15,76.66000366210938,78.7699966430664,76.30999755859375,78.16999816894531,282301
2023-11-16,72.9000015258789,76.62999725341797,72.16000366210938,76.5999984741211,125165
2023-11-17,75.88999938964844,75.98999786376953,72.75,72.97000122070312,101484
2023-11-20,77.5999984741211,78.22000122070312,75.6500015258789,75.6500015258789,270638
2023-11-21,77.7699966430664,77.91999816894531,76.91999816894531,77.6500015258789,238629
2023-11-22,77.0999984741211,77.97000122070312,73.79000091552734,77.7699966430664,389325
2023-11-24,75.54000091552734,77.08999633789062,75.06999969482422,76.79000091552734,281147
2023-11-27,74.86000061035156,76.2300033569336,74.05999755859375,75.30999755859375,289562
2023-11-28,76.41000366210938,77.0199966430664,74.63999938964844,75.06999969482422,286618
2023-11-29,77.86000061035156,78.08999633789062,75.66999816894531,76.55999755859375,322170
2023-11-30,75.95999908447266,79.5999984741211,75.05000305175781,77.75,559169
2023-12-01,74.06999969482422,76.76000213623047,73.93000030517578,75.58999633789062,358976
2023-12-04,73.04000091552734,75.02999877929688,72.62999725341797,74.58000183105469,388832
2023-12-05,72.31999969482422,74.12000274658203,72.0199966430664,73.30000305175781,358703
2023-12-06,69.37999725341797,72.5999984741211,69.11000061035156,72.0999984741211,436803
2023-12-07,69.33999633789062,70.4800033569336,68.80000305175781,69.27999877929688,339000
2023-12-08,71.2300033569336,71.62999725341797,69.5,69.76000213623047,302250
2023-12-11,71.31999969482422,71.80999755859375,70.3499984741211,71.1500015258789,274414
2023-12-12,68.61000061035156,71.95999908447266,68.22000122070312,71.43000030517578,324530
2023-12-13,69.47000122070312,69.88999938964844,67.70999908447266,68.7300033569336,306996
2023-12-14,71.58000183105469,72.45999908447266,69.54000091552734,69.8499984741211,275688
2023-12-15,71.43000030517578,72.22000122070312,70.30000305175781,71.61000061035156,95513
2023-12-18,72.47000122070312,74.26000213623047,70.63999938964844,71.68000030517578,73941
2023-12-19,73.44000244140625,74.01000213623047,71.8499984741211,72.4800033569336,230042
2023-12-20,74.22000122070312,75.37000274658203,73.5999984741211,74.05999755859375,273364
2023-12-21,73.88999938964844,74.58000183105469,72.44000244140625,73.80999755859375,251982
2023-12-22,73.55999755859375,74.9800033569336,73.38999938964844,73.91000366210938,222600
2023-12-26,75.56999969482422,76.18000030517578,73.12999725341797,73.55999755859375,208715
2023-12-27,74.11000061035156,75.66000366210938,73.7699966430664,75.31999969482422,253323
2023-12-28,71.7699966430664,74.4000015258789,71.72000122070312,73.80000305175781,262748
2023-12-29,71.6500015258789,72.62000274658203,71.25,71.98999786376953,214486
2024-01-02,70.37999725341797,73.63999938964844,70.05999755859375,71.70999908447266,330992
2024-01-03,72.69999694824219,73.2300033569336,69.27999877929688,70.5,334861
2024-01-04,72.19000244140625,74.0,71.05999755859375,73.04000091552734,344467
2024-01-05,73.80999755859375,74.23999786376953,72.20999908447266,72.4000015258789,325525
2024-01-08,70.7699966430664,73.94999694824219,70.12999725341797,73.51000213623047,392249
2024-01-09,72.23999786376953,72.93000030517578,70.47000122070312,70.91000366210938,363445
2024-01-10,71.37000274658203,73.58999633789062,71.01000213623047,72.16999816894531,352772
2024-01-11,72.0199966430664,73.80999755859375,71.16999816894531,71.33000183105469,373645
2024-01-12,72.68000030517578,75.25,72.36000061035156,73.01000213623047,403636
2024-01-16,72.4000015258789,73.55999755859375,71.2300033569336,72.62999725341797,430437
2024-01-17,72.55999755859375,72.94999694824219,70.5,72.0,315679
2024-01-18,74.08000183105469,74.37999725341797,72.18000030517578,72.77999877929688,86646
2024-01-19,73.41000366210938,74.91000366210938,73.19999694824219,74.08000183105469,78234
2024-01-22,75.19000244140625,75.75,72.88999938964844,73.41000366210938,372284
2024-01-23,74.37000274658203,75.25,73.41000366210938,74.68000030517578,306060
2024-01-24,75.08999633789062,75.83000183105469,73.94000244140625,74.56999969482422,323726
2024-01-25,77.36000061035156,77.51000213623047,75.16000366210938,75.30000305175781,320177
2024-01-26,78.01000213623047,78.26000213623047,76.05999755859375,77.1500015258789,365456
2024-01-29,76.77999877929688,79.29000091552734,76.41000366210938,78.9000015258789,331925
2024-01-30,77.81999969482422,78.13999938964844,75.8499984741211,77.0199966430664,347242
2024-01-31,75.8499984741211,78.11000061035156,75.5199966430664,77.83999633789062,344493
2024-02-01,73.81999969482422,76.94999694824219,73.69999694824219,75.95999908447266,577936
2024-02-02,72.27999877929688,74.5199966430664,71.79000091552734,73.91000366210938,467768
2024-02-05,72.77999877929688,73.27999877929688,71.41000366210938,72.75,350843
2024-02-06,73.30999755859375,73.81999969482422,72.37999725341797,72.76000213623047,310955
2024-02-07,73.86000061035156,74.22000122070312,73.2300033569336,73.5,294955
2024-02-08,76.22000122070312,76.58999633789062,73.55999755859375,74.08000183105469,377906
2024-02-09,76.83999633789062,77.29000091552734,75.93000030517578,76.41999816894531,302612
2024-02-12,76.91999816894531,77.08999633789062,75.54000091552734,76.5999984741211,248476
2024-02-13,77.87000274658203,78.47000122070312,76.87000274658203,77.02999877929688,338174
2024-02-14,76.63999938964844,78.7699966430664,76.37999725341797,77.80999755859375,296131
2024-02-15,78.02999877929688,78.44000244140625,75.77999877929688,76.5999984741211,122432
2024-02-16,79.19000244140625,79.3499984741211,77.22000122070312,78.11000061035156,113713
2024-02-20,78.18000030517578,79.80000305175781,77.66999816894531,78.9800033569336,435235
2024-02-21,77.91000366210938,78.08000183105469,76.31999969482422,77.1500015258789,323243
2024-02-22,78.61000061035156,78.91999816894531,77.2300033569336,78.08999633789062,330511
2024-02-23,76.48999786376953,78.38999938964844,76.3499984741211,78.37000274658203,353437
2024-02-26,77.58000183105469,78.02999877929688,75.83999633789062,76.4000015258789,274710
2024-02-27,78.87000274658203,79.0,77.16999816894531,77.62000274658203,269236
2024-02-28,78.54000091552734,79.62000274658203,77.77999877929688,78.4800033569336,330043
2024-02-29,78.26000213623047,79.27999877929688,77.94000244140625,78.19999694824219,317939
2024-03-01,79.97000122070312,80.8499984741211,78.05000305175781,78.27999877929688,363417
2024-03-04,78.73999786376953,80.41000366210938,78.55999755859375,80.13999938964844,347214
2024-03-05,78.1500015258789,79.48999786376953,77.5199966430664,78.73999786376953,436521
2024-03-06,79.12999725341797,80.66999816894531,77.98999786376953,78.1500015258789,371049
2024-03-07,78.93000030517578,79.52999877929688,78.0199966430664,79.12999725341797,432923
2024-03-08,78.01000213623047,79.98999786376953,77.55999755859375,79.51000213623047,347533
2024-03-11,77.93000030517578,78.47000122070312,76.79000091552734,77.80000305175781,329873
2024-03-12,77.55999755859375,78.7300033569336,77.33999633789062,78.08999633789062,309922
2024-03-13,79.72000122070312,79.9000015258789,77.56999969482422,78.05999755859375,316390
2024-03-14,81.26000213623047,81.62000274658203,79.56999969482422,79.62999725341797,297450
2024-03-15,81.04000091552734,81.44999694824219,80.48999786376953,81.13999938964844,185078
2024-03-18,82.72000122070312,83.08999633789062,81.01000213623047,81.02999877929688,84718
2024-03-19,83.47000122070312,83.8499984741211,82.38999938964844,82.8499984741211,76814
2024-03-20,81.68000030517578,83.20999908447266,81.44000244140625,83.19999694824219,351161
2024-03-21,81.06999969482422,81.91999816894531,80.30000305175781,81.48999786376953,266860
2024-03-22,80.62999725341797,81.44999694824219,80.41999816894531,80.83999633789062,231101
2024-03-25,81.94999694824219,82.4800033569336,80.58999633789062,80.8499984741211,300360
2024-03-26,81.62000274658203,82.36000061035156,81.22000122070312,81.94000244140625,235845
2024-03-27,81.3499984741211,81.73999786376953,80.55000305175781,81.29000091552734,249964
2024-03-28,83.16999816894531,83.20999908447266,81.5199966430664,81.70999908447266,293774
2024-04-01,83.70999908447266,84.48999786376953,82.5999984741211,83.13999938964844,321059
2024-04-02,85.1500015258789,85.5,83.8499984741211,84.04000091552734,344040
2024-04-03,85.43000030517578,86.19999694824219,84.8499984741211,85.45999908447266,322549
2024-04-04,86.58999633789062,87.22000122070312,84.63999938964844,85.66000366210938,359534
2024-04-05,86.91000366210938,87.62999725341797,86.31999969482422,86.86000061035156,353206
2024-04-08,86.43000030517578,87.0999984741211,84.69000244140625,86.0999984741211,393734
2024-04-09,85.2300033569336,86.9800033569336,85.08999633789062,86.58999633789062,314994
2024-04-10,86.20999908447266,86.37999725341797,84.55000305175781,85.33999633789062,373939
2024-04-11,85.0199966430664,86.62999725341797,84.83999633789062,86.31999969482422,388128
2024-04-12,85.66000366210938,87.66999816894531,85.23999786376953,85.5999984741211,369958
2024-04-15,85.41000366210938,86.11000061035156,84.05000305175781,85.93000030517578,343894
2024-04-16,85.36000061035156,86.18000030517578,84.75,85.69999694824219,241343
2024-04-17,82.69000244140625,85.51000213623047,82.55000305175781,85.36000061035156,259540
2024-04-18,82.7300033569336,83.47000122070312,81.55999755859375,82.79000091552734,84468
2024-04-19,83.13999938964844,86.27999877929688,81.80000305175781,82.62000274658203,76901
2024-04-22,82.8499984741211,83.3499984741211,81.8499984741211,83.05000305175781,313914
2024-04-23,83.36000061035156,83.43000030517578,80.87999725341797,82.12999725341797,355814
2024-04-24,82.80999755859375,83.70999908447266,82.44000244140625,83.4000015258789,329077
2024-04-25,83.56999969482422,83.83000183105469,81.98999786376953,82.83000183105469,314116
2024-04-26,83.8499984741211,84.45999908447266,83.3499984741211,83.80999755859375,244090
2024-04-29,82.62999725341797,83.91000366210938,82.4000015258789,83.69000244140625,336984
2024-04-30,81.93000030517578,83.30000305175781,80.94999694824219,82.76000213623047,400680
2024-05-01,79.0,81.56999969482422,78.83000183105469,81.4800033569336,441978
2024-05-02,78.94999694824219,79.9000015258789,78.41000366210938,79.1500015258789,359652
2024-05-03,78.11000061035156,79.62999725341797,77.95999908447266,79.06999969482422,324438
2024-05-06,78.4800033569336,79.08999633789062,77.91000366210938,78.16000366210938,297369
2024-05-07,78.37999725341797,79.16999816894531,77.55000305175781,78.72000122070312,327593
2024-05-08,78.98999786376953,79.2699966430664,76.88999938964844,78.33999633789062,355449
2024-05-09,79.26000213623047,79.80000305175781,78.91000366210938,79.2300033569336,272712
2024-05-10,78.26000213623047,79.95999908447266,78.13999938964844,79.58999633789062,281169
2024-05-13,79.12000274658203,79.48999786376953,77.77999877929688,78.18000030517578,287701
2024-05-14,78.0199966430664,79.37999725341797,77.68000030517578,79.2300033569336,307410
2024-05-15,78.62999725341797,78.91999816894531,76.69999694824219,78.44000244140625,321267
2024-05-16,79.2300033569336,79.8499984741211,78.19999694824219,78.83999633789062,230277
2024-05-17,80.05999755859375,80.13999938964844,79.0,79.37999725341797,94152
2024-05-20,79.80000305175781,80.5999984741211,79.16999816894531,80.01000213623047,85072
2024-05-21,79.26000213623047,79.72000122070312,78.08000183105469,79.69999694824219,371672
2024-05-22,77.56999969482422,78.41000366210938,77.25,78.20999908447266,314145
2024-05-23,76.87000274658203,78.66000366210938,76.43000030517578,77.29000091552734,330273
2024-05-24,77.72000122070312,78.05000305175781,76.1500015258789,77.04000091552734,299075
2024-05-28,79.83000183105469,80.29000091552734,77.69000244140625,77.80999755859375,334074
2024-05-29,79.2300033569336,80.62000274658203,78.98999786376953,80.26000213623047,259594
2024-05-30,77.91000366210938,79.41999816894531,77.62999725341797,79.27999877929688,373779
2024-05-31,76.98999786376953,78.62000274658203,76.66999816894531,77.91000366210938,345120
2024-06-03,74.22000122070312,77.5199966430664,73.9800033569336,76.97000122070312,443271
2024-06-04,73.25,74.12999725341797,72.4800033569336,74.0199966430664,408721
2024-06-05,74.06999969482422,74.33000183105469,72.81999969482422,72.9000015258789,307701
2024-06-06,75.55000305175781,75.79000091552734,74.05999755859375,74.30000305175781,291082
2024-06-07,75.52999877929688,76.25,75.20999908447266,75.66999816894531,280253
2024-06-10,77.73999786376953,78.29000091552734,75.2300033569336,75.3499984741211,317031
2024-06-11,77.9000015258789,78.36000061035156,77.22000122070312,78.12000274658203,314874
2024-06-12,78.5,79.31999969482422,77.87999725341797,78.22000122070312,322285
2024-06-13,78.62000274658203,78.88999938964844,77.66999816894531,78.37000274658203,307638
2024-06-14,78.44999694824219,79.1500015258789,77.7300033569336,77.95999908447266,245827
2024-06-17,80.33000183105469,80.66000366210938,77.9800033569336,78.4800033569336,126733
2024-06-18,81.56999969482422,81.66999816894531,79.7699966430664,80.43000030517578,140709
2024-06-20,82.16999816894531,82.41000366210938,81.12999725341797,81.5199966430664,420499
2024-06-21,80.7300033569336,81.79000091552734,80.3499984741211,81.2699966430664,290500
2024-06-24,81.62999725341797,81.77999877929688,80.2300033569336,80.44999694824219,271745
2024-06-25,80.83000183105469,81.9000015258789,80.55000305175781,81.69999694824219,286038
2024-06-26,80.9000015258789,81.62999725341797,80.18000030517578,80.72000122070312,308410
2024-06-27,81.73999786376953,82.04000091552734,80.51000213623047,80.86000061035156,306342
2024-06-28,81.54000091552734,82.72000122070312,80.97000122070312,81.86000061035156,260252
2024-07-01,83.37999725341797,83.63999938964844,81.37999725341797,81.44999694824219,345780
2024-07-02,82.80999755859375,84.37999725341797,82.72000122070312,83.43000030517578,367787
2024-07-03,83.87999725341797,83.93000030517578,82.45999908447266,83.19999694824219,289685
2024-07-05,83.16000366210938,84.5199966430664,83.0199966430664,83.5999984741211,361357
2024-07-08,82.33000183105469,83.31999969482422,82.08000183105469,83.1500015258789,251774
2024-07-09,81.41000366210938,82.4800033569336,81.25,82.22000122070312,297325
2024-07-10,82.0999984741211,82.66000366210938,80.80999755859375,81.80999755859375,334380
2024-07-11,82.62000274658203,83.12999725341797,81.62999725341797,82.4000015258789,324170
2024-07-12,82.20999908447266,83.73999786376953,82.0999984741211,82.86000061035156,370062
2024-07-15,81.91000366210938,82.58000183105469,81.47000122070312,82.16000366210938,296520
2024-07-16,80.76000213623047,81.93000030517578,80.22000122070312,81.91999816894531,308186
2024-07-17,82.8499984741211,83.0999984741211,80.44999694824219,80.8499984741211,257437
2024-07-18,82.81999969482422,83.81999969482422,82.04000091552734,83.11000061035156,95704
2024-07-19,80.12999725341797,82.87999725341797,80.06999969482422,82.47000122070312,83795
2024-07-22,79.77999877929688,80.69000244140625,79.16999816894531,80.38999938964844,345235
2024-07-23,76.95999908447266,78.7300033569336,76.4000015258789,78.2699966430664,417941
2024-07-24,77.58999633789062,78.19000244140625,76.9800033569336,77.44999694824219,355971
2024-07-25,78.27999877929688,78.47000122070312,76.04000091552734,77.5,457288
2024-07-26,77.16000366210938,78.5999984741211,76.19000244140625,78.3499984741211,365121
2024-07-29,75.80999755859375,77.69000244140625,75.3499984741211,77.30000305175781,362635
2024-07-30,74.7300033569336,75.97000122070312,74.58999633789062,75.91000366210938,419478
2024-07-31,77.91000366210938,78.66000366210938,75.18000030517578,75.23999786376953,460315
2024-08-01,76.30999755859375,78.87999725341797,76.23999786376953,78.58999633789062,383014
2024-08-02,73.5199966430664,77.29000091552734,72.97000122070312,76.87000274658203,467786
2024-08-05,72.94000244140625,74.45999908447266,71.66999816894531,74.20999908447266,500151
2024-08-06,73.19999694824219,74.55999755859375,72.19999694824219,73.86000061035156,352250
2024-08-07,75.2300033569336,75.83999633789062,72.58000183105469,72.83999633789062,427995
2024-08-08,76.19000244140625,76.5199966430664,74.5999984741211,75.47000122070312,327301
2024-08-09,76.83999633789062,77.08999633789062,75.8499984741211,76.0199966430664,263007
2024-08-12,80.05999755859375,80.16000366210938,76.69999694824219,76.98999786376953,376747
2024-08-13,78.3499984741211,80.1500015258789,78.16000366210938,79.73999786376953,370763
2024-08-14,76.9800033569336,79.0999984741211,76.83000183105469,78.7300033569336,357636
2024-08-15,78.16000366210938,78.5999984741211,76.93000030517578,77.5199966430664,195122
2024-08-16,76.6500015258789,78.16000366210938,75.54000091552734,78.16000366210938,100810
2024-08-19,74.37000274658203,76.87000274658203,74.16999816894531,76.58000183105469,118172
2024-08-20,74.04000091552734,75.02999877929688,73.5,74.33999633789062,329276
2024-08-21,71.93000030517578,74.16000366210938,71.45999908447266,73.12000274658203,390527
2024-08-22,73.01000213623047,73.5199966430664,71.58000183105469,71.93000030517578,334117
2024-08-23,74.83000183105469,75.06999969482422,72.83000183105469,72.95999908447266,313764
2024-08-26,77.41999816894531,77.5999984741211,75.04000091552734,75.0999984741211,409675
2024-08-27,75.52999877929688,77.4800033569336,75.4000015258789,77.19999694824219,331162
2024-08-28,74.5199966430664,75.94999694824219,73.81999969482422,75.75,337361
2024-08-29,75.91000366210938,76.91000366210938,74.05000305175781,74.41999816894531,408147
2024-08-30,73.55000305175781,76.58999633789062,73.36000061035156,75.87000274658203,427273
2024-09-03,70.33999633789062,74.41000366210938,70.0999984741211,73.52999877929688,546617
2024-09-04,69.19999694824219,71.45999908447266,68.81999969482422,70.27999877929688,482025
2024-09-05,69.1500015258789,70.81999969482422,68.75,69.2699966430664,405596
2024-09-06,67.66999816894531,70.12999725341797,67.16999816894531,69.33000183105469,351074
2024-09-09,68.70999908447266,68.95999908447266,67.30999755859375,68.12999725341797,351074
2024-09-10,65.75,69.08000183105469,65.2699966430664,68.77999877929688,442855
2024-09-11,67.30999755859375,67.97000122070312,65.62999725341797,66.27999877929688,393311
2024-09-12,68.97000122070312,69.80999755859375,67.23999786376953,67.38999938964844,351976
2024-09-13,68.6500015258789,70.31999969482422,68.47000122070312,69.30999755859375,308983
2024-09-16,70.08999633789062,70.69999694824219,68.6500015258789,69.16000366210938,295176
2024-09-17,71.19000244140625,71.91999816894531,69.61000061035156,70.5,251629
2024-09-18,70.91000366210938,71.4800033569336,69.7300033569336,71.13999938964844,102907
2024-09-19,71.94999694824219,72.48999786376953,70.12999725341797,70.12999725341797,86630
2024-09-20,71.91999816894531,72.4000015258789,71.36000061035156,72.0999984741211,306997
2024-09-23,70.37000274658203,71.80999755859375,69.48999786376953,71.30999755859375,338267
2024-09-24,71.55999755859375,72.4000015258789,70.44000244140625,70.76000213623047,318516
2024-09-25,69.69000244140625,71.72000122070312,69.2300033569336,71.54000091552734,476237
2024-09-26,67.66999816894531,70.01000213623047,66.94999694824219,69.88999938964844,478069
2024-09-27,68.18000030517578,68.6500015258789,67.05999755859375,67.44999694824219,341133
2024-09-30,68.16999816894531,69.31999969482422,67.56999969482422,68.62999725341797,350115
2024-10-01,69.83000183105469,71.94000244140625,66.33000183105469,68.41000366210938,668216
2024-10-02,70.0999984741211,72.48999786376953,69.87000274658203,70.80000305175781,429225
2024-10-03,73.70999908447266,74.08999633789062,70.5199966430664,70.9800033569336,460554
2024-10-04,74.37999725341797,75.56999969482422,73.45999908447266,73.94999694824219,428815
2024-10-07,77.13999938964844,77.4000015258789,73.62000274658203,74.4000015258789,419018
2024-10-08,73.56999969482422,78.45999908447266,72.69000244140625,77.33000183105469,496760
2024-10-09,73.23999786376953,74.44999694824219,71.52999877929688,73.83999633789062,401159
2024-10-10,75.8499984741211,76.23999786376953,73.26000213623047,73.38999938964844,321453
2024-10-11,75.55999755859375,76.04000091552734,74.52999877929688,75.73999786376953,315302
2024-10-14,73.83000183105469,75.08000183105469,71.80999755859375,75.05000305175781,273455
2024-10-15,70.58000183105469,72.12000274658203,69.70999908447266,71.51000213623047,328738
2024-10-16,70.38999938964844,71.30999755859375,69.63999938964844,70.98999786376953,222437
2024-10-17,70.66999816894531,71.11000061035156,69.44000244140625,70.68000030517578,188161
2024-10-18,69.22000122070312,71.2300033569336,68.69000244140625,70.75,95768
2024-10-21,70.55999755859375,71.02999877929688,69.0,69.45999908447266,92584
2024-10-22,72.08999633789062,72.66000366210938,70.05000305175781,70.48999786376953,330456
2024-10-23,70.7699966430664,71.72000122070312,70.12999725341797,71.3499984741211,293835
2024-10-24,70.19000244140625,72.33999633789062,69.7699966430664,71.0199966430664,286571
2024-10-25,71.77999877929688,71.91999816894531,69.95999908447266,70.33000183105469,287189
2024-10-28,67.37999725341797,69.0,66.91999816894531,68.9800033569336,419623
2024-10-29,67.20999908447266,68.5199966430664,66.72000122070312,68.0199966430664,291929
2024-10-30,68.61000061035156,69.16999816894531,67.27999877929688,67.47000122070312,284795
2024-10-31,69.26000213623047,70.80999755859375,68.30000305175781,69.0999984741211,311055
2024-11-01,69.48999786376953,71.44999694824219,69.31999969482422,70.44000244140625,320572
2024-11-04,71.47000122070312,71.80999755859375,70.25,70.29000091552734,286947
2024-11-05,71.98999786376953,72.66999816894531,71.29000091552734,71.62000274658203,247311
2024-11-06,71.69000244140625,72.62999725341797,69.73999786376953,72.0199966430664,388265
2024-11-07,72.36000061035156,72.87999725341797,70.66000366210938,71.87000274658203,353595
2024-11-08,70.37999725341797,72.25,69.98999786376953,72.20999908447266,362038
2024-11-11,68.04000091552734,70.55999755859375,67.91999816894531,70.25,364506
2024-11-12,68.12000274658203,69.12999725341797,67.75,68.1500015258789,286926
2024-11-13,68.43000030517578,68.86000061035156,66.94000244140625,67.9800033569336,386027
2024-11-14,68.69999694824219,69.38999938964844,67.91999816894531,68.12999725341797,232270
2024-11-15,67.0199966430664,68.69000244140625,66.81999969482422,68.62000274658203,205235
2024-11-18,69.16000366210938,69.38999938964844,66.61000061035156,66.86000061035156,110375
2024-11-19,69.38999938964844,69.69000244140625,68.44999694824219,69.01000213623047,89360
2024-11-20,68.87000274658203,70.1500015258789,68.75,69.55000305175781,235637
2024-11-21,70.0999984741211,70.37999725341797,68.86000061035156,69.04000091552734,283850
2024-11-22,71.23999786376953,71.51000213623047,69.29000091552734,70.18000030517578,408207
2024-11-25,68.94000244140625,71.4800033569336,68.73999786376953,71.44000244140625,380922
2024-11-26,68.7699966430664,70.30000305175781,68.05000305175781,69.08000183105469,292138
2024-11-27,68.72000122070312,69.37000274658203,68.18000030517578,68.91000366210938,227215
2024-11-29,68.0,69.69000244140625,67.87000274658203,68.7699966430664,291408
2024-12-02,68.0999984741211,69.11000061035156,67.70999908447266,68.0,264883
2024-12-03,69.94000244140625,70.2300033569336,67.91000366210938,68.16000366210938,303752
2024-12-04,68.54000091552734,70.51000213623047,68.48999786376953,70.0199966430664,325636
2024-12-05,68.30000305175781,69.16000366210938,67.9800033569336,68.73999786376953,286701
2024-12-06,67.19999694824219,68.48999786376953,66.9800033569336,68.44000244140625,341593
2024-12-09,68.37000274658203,68.87999725341797,67.08000183105469,67.1500015258789,297085
2024-12-10,68.58999633789062,69.05999755859375,67.72000122070312,68.19000244140625,286003
2024-12-11,70.29000091552734,70.52999877929688,68.44000244140625,68.5,335892
2024-12-12,70.0199966430664,70.72000122070312,69.13999938964844,70.43000030517578,326046
2024-12-13,71.29000091552734,71.41999816894531,69.87000274658203,70.05999755859375,230429
2024-12-16,70.70999908447266,71.44000244140625,70.37000274658203,71.44000244140625,204296
2024-12-17,70.08000183105469,70.91999816894531,69.18000030517578,70.61000061035156,99604
2024-12-18,70.58000183105469,71.37999725341797,69.98999786376953,70.22000122070312,99386
2024-12-19,69.91000366210938,71.26000213623047,69.69999694824219,70.13999938964844,291660
2024-12-20,69.45999908447266,69.8499984741211,68.41999816894531,69.2300033569336,231592
2024-12-23,69.23999786376953,69.94000244140625,68.58999633789062,69.4000015258789,188843
2024-12-24,70.0999984741211,70.43000030517578,69.36000061035156,69.55999755859375,122602
2024-12-26,69.62000274658203,70.75,69.33000183105469,70.19999694824219,144877
2024-12-27,70.5999984741211,70.75,69.44000244140625,69.68000030517578,172641
2024-12-30,70.98999786376953,71.55999755859375,70.12000274658203,70.41999816894531,199296
2024-12-31,71.72000122070312,72.0199966430664,70.87000274658203,71.1500015258789,151155
2025-01-02,73.12999725341797,73.7300033569336,71.79000091552734,71.8499984741211,306498
2025-01-03,73.95999908447266,74.3499984741211,72.69999694824219,73.12999725341797,296040
2025-01-06,73.55999755859375,74.98999786376953,73.19999694824219,74.05000305175781,306042
2025-01-07,74.25,74.52999877929688,73.11000061035156,73.44000244140625,277328
2025-01-08,73.31999969482422,75.29000091552734,73.16000366210938,74.5199966430664,328617
2025-01-09,73.91999816894531,74.31999969482422,72.83999633789062,73.31999969482422,213421
2025-01-10,76.56999969482422,77.86000061035156,74.0199966430664,74.29000091552734,478432
2025-01-13,78.81999969482422,79.2699966430664,76.54000091552734,76.54000091552734,460942
2025-01-14,77.5,79.08999633789062,77.41000366210938,78.81999969482422,326729
2025-01-15,80.04000091552734,80.7699966430664,77.23999786376953,78.02999877929688,321422
2025-01-16,78.68000030517578,80.58999633789062,77.87000274658203,80.4000015258789,159948
2025-01-17,77.87999725341797,79.44000244140625,77.76000213623047,78.75,112409
2025-01-21,75.88999938964844,78.47000122070312,75.48999786376953,78.19000244140625,568807
2025-01-22,75.44000244140625,76.44999694824219,75.27999877929688,75.87999725341797,315333
2025-01-23,74.62000274658203,76.0,74.13999938964844,75.38999938964844,350688
2025-01-24,74.66000366210938,75.20999908447266,74.01000213623047,74.30000305175781,319679
2025-01-27,73.16999816894531,75.1500015258789,72.37999725341797,74.54000091552734,334418
2025-01-28,73.7699966430664,74.30999755859375,72.93000030517578,73.1500015258789,326075
2025-01-29,72.62000274658203,74.08000183105469,72.33000183105469,73.94999694824219,312733
2025-01-30,72.7300033569336,73.83999633789062,72.0199966430664,73.0,336475
2025-01-31,72.52999877929688,73.83999633789062,71.94000244140625,73.19999694824219,376335
2025-02-03,73.16000366210938,75.18000030517578,72.05000305175781,74.13999938964844,517853
2025-02-04,72.69999694824219,73.3499984741211,70.66999816894531,72.3499984741211,452961
2025-02-05,71.02999877929688,72.97000122070312,70.95999908447266,72.76000213623047,289902
2025-02-06,70.61000061035156,71.8499984741211,70.43000030517578,71.18000030517578,299037
2025-02-07,71.0,71.41000366210938,70.47000122070312,70.55999755859375,273766
2025-02-10,72.31999969482422,72.54000091552734,70.83999633789062,71.0,255941
2025-02-11,73.31999969482422,73.68000030517578,72.30999755859375,72.48999786376953,266819
2025-02-12,71.37000274658203,73.22000122070312,71.16999816894531,73.19999694824219,318123
2025-02-13,71.29000091552734,71.5999984741211,70.22000122070312,71.23999786376953,278197
2025-02-14,70.73999786376953,72.0199966430664,70.5199966430664,71.5199966430664,207719
2025-02-18,71.8499984741211,72.06999969482422,70.12000274658203,70.69999694824219,130937
2025-02-19,72.25,73.04000091552734,71.70999908447266,71.77999877929688,69012
2025-02-20,72.56999969482422,73.25,71.8499984741211,72.18000030517578,240060
2025-02-21,70.4000015258789,72.7699966430664,70.16999816894531,72.58000183105469,268470
2025-02-24,70.69999694824219,70.94000244140625,69.80000305175781,69.80000305175781,205468
2025-02-25,68.93000030517578,71.26000213623047,68.68000030517578,70.91999816894531,267310
2025-02-26,68.62000274658203,69.27999877929688,68.36000061035156,69.11000061035156,255601
2025-02-27,70.3499984741211,70.54000091552734,68.61000061035156,68.81999969482422,265933
2025-02-28,69.76000213623047,70.29000091552734,69.13999938964844,70.16999816894531,250074
2025-03-03,68.37000274658203,70.5999984741211,67.88999938964844,69.94999694824219,332751
2025-03-04,68.26000213623047,68.55999755859375,66.7699966430664,68.45999908447266,386750
2025-03-05,66.30999755859375,68.0999984741211,65.22000122070312,68.08000183105469,382493
2025-03-06,66.36000061035156,67.08999633789062,65.58999633789062,66.38999938964844,341632
2025-03-07,67.04000091552734,68.22000122070312,66.12000274658203,66.33999633789062,329710
2025-03-10,66.02999877929688,67.5999984741211,65.80000305175781,67.11000061035156,249633
2025-03-11,66.25,67.16999816894531,65.29000091552734,65.94999694824219,222511
2025-03-12,67.68000030517578,67.87999725341797,66.1500015258789,66.62000274658203,246675
2025-03-13,66.55000305175781,67.94000244140625,66.37000274658203,67.69000244140625,268590
2025-03-14,67.18000030517578,67.4800033569336,66.58999633789062,66.77999877929688,180495
2025-03-17,67.58000183105469,68.37000274658203,67.25,67.3499984741211,161298
2025-03-18,66.9000015258789,68.72000122070312,66.55999755859375,67.4000015258789,110338
2025-03-19,67.16000366210938,67.62999725341797,66.20999908447266,66.72000122070312,73077
2025-03-20,68.26000213623047,68.47000122070312,66.87999725341797,67.29000091552734,283376
2025-03-21,68.27999877929688,68.6500015258789,67.6500015258789,68.3499984741211,198964
2025-03-24,69.11000061035156,69.33000183105469,67.94999694824219,68.3499984741211,247024
2025-03-25,69.0,69.68000030517578,68.5199966430664,69.16000366210938,258411
2025-03-26,69.6500015258789,70.22000122070312,69.05999755859375,69.16000366210938,262413
2025-03-27,69.91999816894531,69.97000122070312,69.12000274658203,69.95999908447266,211825
2025-03-28,69.36000061035156,70.08999633789062,68.87000274658203,69.91000366210938,246650
2025-03-31,71.4800033569336,71.83000183105469,68.80999755859375,69.43000030517578,313087
2025-04-01,71.19999694824219,72.0999984741211,71.02999877929688,71.38999938964844,272832
2025-04-02,71.70999908447266,72.27999877929688,70.58999633789062,71.19999694824219,286501
2025-04-03,66.94999694824219,70.41000366210938,65.9800033569336,70.37999725341797,459238
2025-04-04,61.9900016784668,66.9000015258789,60.45000076293945,66.63999938964844,559638
2025-04-07,60.70000076293945,63.900001525878906,58.95000076293945,61.119998931884766,597617
2025-04-08,59.58000183105469,61.75,57.880001068115234,61.029998779296875,557655
2025-04-09,62.349998474121094,62.93000030517578,55.119998931884766,58.31999969482422,592250
2025-04-10,60.06999969482422,63.34000015258789,58.7599983215332,62.709999084472656,391826
2025-04-11,61.5,61.869998931884766,59.43000030517578,60.20000076293945,306231
2025-04-14,61.529998779296875,62.68000030517578,60.59000015258789,61.70000076293945,238068
2025-04-15,61.33000183105469,62.060001373291016,60.880001068115234,61.58000183105469,197404
2025-04-16,62.470001220703125,62.97999954223633,60.439998626708984,61.540000915527344,213194
2025-04-17,64.68000030517578,64.86000061035156,62.61000061035156,62.630001068115234,111479
2025-04-21,63.08000183105469,64.41999816894531,62.45000076293945,64.30000305175781,82671
2025-04-22,64.30999755859375,65.08999633789062,63.43000030517578,63.43000030517578,297928
2025-04-23,62.27000045776367,64.87000274658203,61.529998779296875,64.0,397841
2025-04-24,62.790000915527344,63.310001373291016,61.9900016784668,62.34000015258789,264908
2025-04-25,63.02000045776367,63.40999984741211,61.79999923706055,62.86000061035156,283758
2025-04-28,62.04999923706055,63.91999816894531,61.47999954223633,63.4900016784668,276116
2025-04-29,60.41999816894531,62.06999969482422,60.119998931884766,61.869998931884766,312373
2025-04-30,58.209999084472656,60.43000030517578,57.90999984741211,60.15999984741211,419549
2025-05-01,59.2400016784668,59.5,56.38999938964844,58.15999984741211,364216
2025-05-02,58.290000915527344,59.869998931884766,57.7400016784668,58.9900016784668,322096
2025-05-05,57.130001068115234,57.70000076293945,55.29999923706055,56.7599983215332,308387
2025-05-06,59.09000015258789,59.84000015258789,57.029998779296875,57.25,343893
2025-05-07,58.06999969482422,60.2599983215332,57.810001373291016,58.97999954223633,295238
2025-05-08,59.90999984741211,60.290000915527344,57.7400016784668,57.93000030517578,281000
2025-05-09,61.02000045776367,61.45000076293945,59.88999938964844,60.25,239640
2025-05-12,61.95000076293945,63.61000061035156,61.02000045776367,61.38999938964844,325865
2025-05-13,63.66999816894531,63.900001525878906,61.650001525878906,62.0,258795
2025-05-14,63.150001525878906,63.68000030517578,62.75,63.619998931884766,225626
2025-05-15,61.619998931884766,62.90999984741211,60.470001220703125,62.880001068115234,258404
2025-05-16,62.4900016784668,62.709999084472656,61.25,61.70000076293945,121556
2025-05-19,62.689998626708984,63.400001525878906,61.56999969482422,62.75,95570
2025-05-20,62.560001373291016,63.16999816894531,62.189998626708984,62.68000030517578,250414
2025-05-21,61.56999969482422,64.19000244140625,61.279998779296875,62.27000045776367,302702
2025-05-22,61.20000076293945,61.75,60.25,61.33000183105469,258549
2025-05-23,61.529998779296875,61.880001068115234,60.02000045776367,60.810001373291016,273392
2025-05-27,60.88999938964844,62.13999938964844,60.2599983215332,61.70000076293945,291317
2025-05-28,61.84000015258789,62.540000915527344,60.849998474121094,61.040000915527344,260374
2025-05-29,60.939998626708984,63.06999969482422,60.54999923706055,61.83000183105469,299859
2025-05-30,60.790000915527344,61.720001220703125,59.7400016784668,60.939998626708984,384927
2025-06-02,62.52000045776367,63.880001068115234,61.060001373291016,61.11000061035156,403580
2025-06-03,63.40999984741211,63.88999938964844,62.400001525878906,63.02000045776367,291260
2025-06-04,62.849998474121094,63.959999084472656,62.16999816894531,63.36000061035156,321128
2025-06-05,63.369998931884766,63.97999954223633,62.5,62.7599983215332,232423
2025-06-06,64.58000183105469,64.80000305175781,62.81999969482422,63.33000183105469,310133
2025-06-09,65.29000091552734,65.43000030517578,64.19999694824219,64.80000305175781,235900
2025-06-10,64.9800033569336,66.27999877929688,64.56999969482422,65.45999908447266,279021
2025-06-11,68.1500015258789,68.37000274658203,64.5999984741211,64.76000213623047,378473
2025-06-12,68.04000091552734,69.29000091552734,66.72000122070312,69.02999877929688,379394
2025-06-13,72.9800033569336,77.62000274658203,68.48999786376953,68.9000015258789,715652
2025-06-16,71.7699966430664,77.48999786376953,69.37999725341797,76.54000091552734,367312
2025-06-17,74.83999633789062,75.54000091552734,71.0,71.11000061035156,154264
2025-06-18,75.13999938964844,76.06999969482422,72.94000244140625,75.61000061035156,0
2025-06-20,74.93000030517578,77.58000183105469,74.30000305175781,74.5999984741211,678377
2025-06-23,68.51000213623047,78.4000015258789,66.5999984741211,78.0,728868
2025-06-24,64.37000274658203,67.83000183105469,64.0,67.73999786376953,541475
2025-06-25,64.91999816894531,66.02999877929688,64.51000213623047,65.12000274658203,278504
2025-06-26,65.23999786376953,66.41999816894531,64.66000366210938,64.9800033569336,233771
2025-06-27,65.5199966430664,66.08999633789062,64.80000305175781,65.30000305175781,236284
2025-06-30,65.11000061035156,65.81999969482422,64.5,65.1500015258789,193289
2025-07-01,65.44999694824219,65.9800033569336,64.66999816894531,64.95999908447266,193162
2025-07-02,67.44999694824219,67.58000183105469,65.2300033569336,65.55999755859375,265200
2025-07-03,67.0,67.58000183105469,66.52999877929688,67.5,0
2025-07-04,66.5,67.18000030517578,66.04000091552734,67.12999725341797,0
2025-07-07,67.93000030517578,68.31999969482422,65.4000015258789,65.69999694824219,332949
2025-07-08,68.33000183105469,68.91000366210938,67.33000183105469,67.95999908447266,219882
2025-07-09,68.37999725341797,68.94000244140625,67.69999694824219,68.18000030517578,223945
2025-07-10,66.56999969482422,68.6500015258789,66.44999694824219,68.29000091552734,258654
2025-07-11,68.44999694824219,68.7699966430664,66.5,66.8499984741211,226297
2025-07-14,66.9800033569336,69.6500015258789,66.80000305175781,68.68000030517578,263877
2025-07-15,66.5199966430664,67.12999725341797,66.22000122070312,66.86000061035156,252724
2025-07-16,66.37999725341797,67.01000213623047,65.41999816894531,66.7300033569336,248346
2025-07-17,67.54000091552734,67.69000244140625,66.29000091552734,66.5999984741211,188802
2025-07-18,67.33999633789062,68.95999908447266,67.19999694824219,67.5999984741211,107628
2025-07-21,67.19999694824219,67.76000213623047,66.45999908447266,67.31999969482422,81194
2025-07-22,66.20999908447266,67.12999725341797,65.98999786376953,67.12000274658203,269991
2025-07-23,65.25,65.77999877929688,64.70999908447266,65.48999786376953,251825
2025-07-24,66.02999877929688,66.38999938964844,65.33000183105469,65.41999816894531,281209
2025-07-25,65.16000366210938,66.73999786376953,65.0,66.1500015258789,234283
2025-07-28,66.70999908447266,67.13999938964844,65.05000305175781,65.1500015258789,262038
2025-07-29,69.20999908447266,69.76000213623047,66.52999877929688,67.04000091552734,329112
2025-07-30,70.0,70.51000213623047,68.44999694824219,69.33999633789062,345336
2025-07-31,69.26000213623047,70.41000366210938,68.55999755859375,70.30000305175781,247031
2025-08-01,67.33000183105469,69.58000183105469,67.05000305175781,69.3499984741211,355819
2025-08-04,66.29000091552734,67.73999786376953,65.45999908447266,66.8499984741211,277375
2025-08-05,65.16000366210938,66.38999938964844,65.02999877929688,66.20999908447266,279030
2025-08-06,64.3499984741211,66.75,63.63999938964844,65.1500015258789,353827
2025-08-07,63.880001068115234,65.11000061035156,63.70000076293945,64.36000061035156,300518
2025-08-08,63.880001068115234,64.58000183105469,62.77000045776367,63.849998474121094,322939
2025-08-11,63.959999084472656,64.44000244140625,63.02000045776367,63.47999954223633,234807
2025-08-12,63.16999816894531,64.33999633789062,63.060001373291016,64.0,304441
2025-08-13,62.650001525878906,63.380001068115234,61.939998626708984,63.06999969482422,298939
2025-08-14,63.959999084472656,64.0999984741211,62.58000183105469,62.790000915527344,251652
2025-08-15,62.79999923706055,64.1500015258789,62.68000030517578,63.90999984741211,197390
2025-08-18,63.41999816894531,63.790000915527344,62.18000030517578,63.0,95113
2025-08-19,62.349998474121094,63.38999938964844,62.25,63.27000045776367,99484
2025-08-20,63.209999084472656,63.54999923706055,62.38999938964844,62.599998474121094,280663
2025-08-21,63.52000045776367,63.66999816894531,62.52000045776367,62.849998474121094,250166
2025-08-22,63.65999984741211,63.93000030517578,63.310001373291016,63.5,223169
2025-08-25,64.80000305175781,65.0999984741211,63.529998779296875,63.880001068115234,185270
2025-08-26,63.25,64.76000213623047,63.130001068115234,64.75,199101
2025-08-27,64.1500015258789,64.2300033569336,62.95000076293945,63.310001373291016,193476
2025-08-28,64.5999984741211,64.69999694824219,63.349998474121094,63.869998931884766,208931
2025-08-29,64.01000213623047,64.55000305175781,63.880001068115234,64.26000213623047,0
2025-09-02,65.58999633789062,66.02999877929688,63.65999984741211,63.95000076293945,320218
2025-09-03,63.970001220703125,65.72000122070312,63.720001220703125,65.62000274658203,298737
2025-09-04,63.47999954223633,63.84000015258789,62.720001220703125,63.81999969482422,251689
2025-09-05,61.869998931884766,63.4900016784668,61.45000076293945,63.33000183105469,294540
2025-09-08,62.2599983215332,63.34000015258789,61.849998474121094,62.0,237288
2025-09-09,62.630001068115234,63.66999816894531,62.369998931884766,62.43000030517578,268529
2025-09-10,63.66999816894531,64.08000183105469,62.720001220703125,62.7400016784668,260684
2025-09-11,62.369998931884766,63.79999923706055,62.209999084472656,63.79999923706055,222661
2025-09-12,62.689998626708984,63.97999954223633,61.689998626708984,62.27000045776367,313265
2025-09-15,63.29999923706055,63.66999816894531,62.52000045776367,62.970001220703125,205560
2025-09-16,64.5199966430664,64.76000213623047,62.88999938964844,63.310001373291016,234250
2025-09-17,64.05000305175781,64.66999816894531,63.689998626708984,64.58999633789062,165427
2025-09-18,63.56999969482422,64.55000305175781,63.33000183105469,63.9900016784668,82321
2025-09-19,62.68000030517578,63.650001525878906,62.599998474121094,63.59000015258789,87165
2025-09-22,62.63999938964844,63.18000030517578,61.97999954223633,62.7400016784668,223779
2025-09-23,63.40999984741211,63.88999938964844,61.849998474121094,62.33000183105469,265948
2025-09-24,64.98999786376953,65.05000305175781,63.25,63.63999938964844,282721
2025-09-25,64.9800033569336,65.33999633789062,64.05999755859375,64.80000305175781,258353
2025-09-26,65.72000122070312,66.41999816894531,64.66000366210938,65.19999694824219,284990
2025-09-29,63.45000076293945,65.4000015258789,62.97999954223633,65.06999969482422,294292
2025-09-30,62.369998931884766,63.2599983215332,62.029998779296875,63.13999938964844,271649
2025-10-01,61.779998779296875,62.88999938964844,61.400001525878906,62.459999084472656,274339
2025-10-02,60.47999954223633,62.540000915527344,60.400001525878906,61.779998779296875,290507
2025-10-03,60.880001068115234,61.380001068115234,60.54999923706055,60.70000076293945,240044
2025-10-06,61.689998626708984,62.119998931884766,61.040000915527344,61.13999938964844,224682
2025-10-07,61.72999954223633,62.11000061035156,60.720001220703125,61.72999954223633,245121
2025-10-08,62.54999923706055,62.91999816894531,62.04999923706055,62.04999923706055,273318
2025-10-09,61.5099983215332,62.869998931884766,61.25,62.310001373291016,259171
2025-10-10,58.900001525878906,61.66999816894531,58.220001220703125,61.4900016784668,339103
2025-10-13,59.4900016784668,60.16999816894531,59.0,59.0,339103
2025-10-14,58.70000076293945,59.81999969482422,57.68000030517578,59.58000183105469,259200
2025-10-15,58.27000045776367,59.41999816894531,58.20000076293945,58.599998474121094,224919
2025-10-16,57.459999084472656,59.11000061035156,57.2599983215332,58.77000045776367,203866
2025-10-17,57.540000915527344,57.720001220703125,56.599998474121094,57.5,108748
2025-10-20,57.52000045776367,57.810001373291016,56.349998474121094,57.72999954223633,108146
2025-10-21,57.81999969482422,58.279998779296875,56.9900016784668,57.369998931884766,314207
2025-10-22,58.5,59.83000183105469,57.34000015258789,57.59000015258789,378637
2025-10-23,61.790000915527344,62.20000076293945,59.63999938964844,59.939998626708984,735186
2025-10-24,61.5,62.59000015258789,61.209999084472656,61.790000915527344,373744
2025-10-27,61.310001373291016,62.16999816894531,60.66999816894531,61.81999969482422,272191
2025-10-28,60.150001525878906,61.5,59.7599983215332,61.5,307568
2025-10-29,60.47999954223633,61.02000045776367,59.70000076293945,60.18000030517578,276875
2025-10-30,60.56999969482422,60.790000915527344,59.63999938964844,60.38999938964844,247917
2025-10-31,60.97999954223633,61.380001068115234,59.9900016784668,60.29999923706055,278598
2025-11-03,61.04999923706055,61.5,60.5099983215332,61.400001525878906,0
2025-11-04,60.560001373291016,61.029998779296875,59.939998626708984,61.029998779296875,219300
2025-11-05,59.599998474121094,61.09000015258789,59.52000045776367,60.43000030517578,292518
2025-11-06,59.43000030517578,60.5099983215332,58.83000183105469,59.68000030517578,277768
2025-11-07,59.75,60.459999084472656,59.31999969482422,59.650001525878906,259446
2025-11-10,60.130001068115234,60.47999954223633,59.40999984741211,59.869998931884766,222879
2025-11-11,61.040000915527344,61.279998779296875,59.65999984741211,60.06999969482422,264427
2025-11-12,58.4900016784668,61.060001373291016,58.29999923706055,61.04999923706055,329517
2025-11-13,58.689998626708984,59.209999084472656,58.119998931884766,58.470001220703125,247349
2025-11-14,60.09000015258789,60.650001525878906,58.709999084472656,58.709999084472656,334116
2025-11-17,59.90999984741211,60.439998626708984,59.31999969482422,59.79999923706055,189638
2025-11-18,60.7400016784668,60.93000030517578,59.310001373291016,59.7400016784668,105325
2025-11-19,59.439998626708984,60.790000915527344,58.77000045776367,60.619998931884766,79622
2025-11-20,59.13999938964844,60.33000183105469,58.86000061035156,59.630001068115234,324282
2025-11-21,58.060001373291016,58.79999923706055,57.380001068115234,58.79999923706055,345014
2025-11-24,58.84000015258789,59.060001373291016,57.41999816894531,58.04999923706055,238138
2025-11-25,57.95000076293945,58.959999084472656,57.099998474121094,58.88999938964844,334442
2025-11-26,58.650001525878906,58.720001220703125,57.65999984741211,58.04999923706055,228285
2025-11-28,58.54999923706055,59.63999938964844,58.27000045776367,58.58000183105469,153758
2025-12-01,59.31999969482422,59.970001220703125,58.83000183105469,58.959999084472656,232770
2025-12-02,58.63999938964844,59.66999816894531,58.279998779296875,59.52000045776367,255513
2025-12-03,58.95000076293945,59.63999938964844,58.369998931884766,58.650001525878906,260974
2025-12-04,59.66999816894531,60.02000045776367,58.810001373291016,59.09000015258789,264993
2025-12-05,60.08000183105469,60.5,59.41999816894531,59.70000076293945,255075
2025-12-08,58.880001068115234,60.29999923706055,58.68000030517578,60.150001525878906,263009
2025-12-09,58.25,59.16999816894531,58.119998931884766,58.869998931884766,260206
2025-12-10,58.459999084472656,59.04999923706055,57.65999984741211,58.369998931884766,256508
2025-12-11,57.599998474121094,58.939998626708984,57.0099983215332,58.90999984741211,286808
2025-12-12,57.439998626708984,58.189998626708984,57.150001525878906,57.88999938964844,212806
2025-12-15,56.81999969482422,57.79999923706055,56.400001525878906,57.5,229310
2025-12-16,55.27000045776367,56.70000076293945,54.97999954223633,56.68000030517578,230933
2025-12-17,55.939998626708984,56.97999954223633,55.20000076293945,55.22999954223633,125608
2025-12-18,56.150001525878906,57.029998779296875,55.880001068115234,56.900001525878906,85735
2025-12-19,56.65999984741211,56.900001525878906,55.81999969482422,56.029998779296875,209264
2025-12-22,58.0099983215332,58.130001068115234,56.599998474121094,56.630001068115234,221576
2025-12-23,58.380001068115234,58.560001373291016,57.7400016784668,57.95000076293945,183633
2025-12-24,58.349998474121094,58.75,58.130001068115234,58.470001220703125,111762
2025-12-26,56.7400016784668,58.880001068115234,56.650001525878906,58.349998474121094,166669
2025-12-29,58.08000183105469,58.29999923706055,56.90999984741211,57.040000915527344,178590
2025-12-30,57.95000076293945,58.470001220703125,57.599998474121094,57.810001373291016,143802
2025-12-31,57.41999816894531,58.54999923706055,57.20000076293945,57.95000076293945,157160
2026-01-02,57.31999969482422,57.93000030517578,56.599998474121094,57.40999984741211,189503
2026-01-05,58.31999969482422,58.5099983215332,56.310001373291016,57.470001220703125,301483
2026-01-06,57.130001068115234,58.869998931884766,56.84000015258789,58.34000015258789,292067
2026-01-07,55.9900016784668,57.16999816894531,55.7599983215332,57.0,383128
2026-01-08,57.7599983215332,58.7400016784668,55.970001220703125,56.41999816894531,334134
2026-01-09,59.119998931884766,59.77000045776367,57.61000061035156,58.400001525878906,360309
2026-01-12,59.5,59.90999984741211,58.45000076293945,59.0,309700
2026-01-13,61.150001525878906,61.5,59.470001220703125,59.95000076293945,411190
2026-01-14,62.02000045776367,62.36000061035156,59.189998626708984,61.119998931884766,410261
2026-01-15,59.189998626708984,61.13999938964844,58.880001068115234,61.060001373291016,113642
2026-01-16,59.439998626708984,60.18000030517578,58.939998626708984,59.2599983215332,113794
2026-01-20,60.34000015258789,60.68000030517578,58.70000076293945,59.0099983215332,499595
2026-01-21,60.619998931884766,60.88999938964844,59.220001220703125,59.56999969482422,333062
2026-01-22,59.36000061035156,60.81999969482422,58.959999084472656,60.68000030517578,324349
2026-01-23,61.06999969482422,61.36000061035156,59.52000045776367,59.65999984741211,283419
2026-01-26,60.630001068115234,61.709999084472656,60.31999969482422,61.220001220703125,281062
2026-01-27,62.38999938964844,62.630001068115234,60.13999938964844,60.779998779296875,360208
2026-01-28,63.209999084472656,63.56999969482422,62.06999969482422,62.58000183105469,354864
2026-01-29,65.41999816894531,66.4800033569336,63.279998779296875,63.5,560007
2026-01-30,65.20999908447266,66.11000061035156,63.63999938964844,65.5199966430664,449325
2026-02-02,62.13999938964844,64.73999786376953,61.38999938964844,64.72000122070312,414083
2026-02-03,63.209999084472656,64.20999908447266,61.119998931884766,62.279998779296875,381144
2026-02-04,65.13999938964844,65.52999877929688,62.86000061035156,63.79999923706055,446588
2026-02-05,63.290000915527344,64.66999816894531,62.650001525878906,64.48999786376953,389763
2026-02-06,63.54999923706055,64.58000183105469,62.20000076293945,63.099998474121094,448924
2026-02-09,64.36000061035156,64.87999725341797,62.619998931884766,62.9900016784668,298005
2026-02-10,63.959999084472656,64.70999908447266,63.650001525878906,64.44000244140625,276292
2026-02-11,64.62999725341797,65.83000183105469,64.1500015258789,64.19999694824219,340194
2026-02-12,62.84000015258789,65.0999984741211,62.38999938964844,64.87000274658203,369303
2026-02-13,62.88999938964844,63.2599983215332,62.13999938964844,62.9900016784668,255793
2026-02-17,62.33000183105469,64.13999938964844,61.869998931884766,63.29999923706055,328727
2026-02-18,65.19000244140625,65.55999755859375,62.119998931884766,62.29999923706055,115379
2026-02-19,66.43000030517578,66.9000015258789,64.87999725341797,65.0999984741211,113408
2026-02-20,66.38999938964844,67.05000305175781,65.94000244140625,66.66999816894531,351351
2026-02-23,66.30999755859375,67.27999877929688,65.37999725341797,65.88999938964844,270365
2026-02-24,65.62999725341797,67.1500015258789,65.55000305175781,66.30999755859375,312124
2026-02-25,65.41999816894531,66.5999984741211,65.12000274658203,66.06999969482422,306780
2026-02-26,65.20999908447266,66.70999908447266,63.599998474121094,65.6500015258789,498542
2026-02-27,67.0199966430664,67.83000183105469,64.8499984741211,65.3499984741211,437053
2026-03-02,71.2300033569336,75.33000183105469,69.19999694824219,75.0,881329
2026-03-03,74.55999755859375,77.9800033569336,70.41000366210938,71.2300033569336,1009753
2026-03-04,74.66000366210938,77.2300033569336,73.27999877929688,74.73999786376953,617822
2026-03-05,81.01000213623047,82.16000366210938,74.97000122070312,76.1500015258789,707030
2026-03-06,90.9000015258789,92.61000061035156,78.23999786376953,79.08000183105469,996251
2026-03-09,94.7699966430664,119.4800033569336,81.19000244140625,98.0,1107193
2026-03-10,83.44999694824219,91.4800033569336,76.7300033569336,85.75,801564
2026-03-11,87.25,88.98999786376953,81.79000091552734,86.88999938964844,538020
2026-03-12,95.7300033569336,97.19000244140625,88.61000061035156,89.31999969482422,548999
2026-03-13,98.70999908447266,99.31999969482422,92.04000091552734,96.73999786376953,436700
2026-03-16,93.5,102.44000244140625,92.93000030517578,100.93000030517578,455454
2026-03-17,96.20999908447266,98.41999816894531,93.83000183105469,94.41000366210938,308425
2026-03-18,96.31999969482422,100.55000305175781,91.95999908447266,96.0,157222
2026-03-19,96.13999938964844,101.4800033569336,92.80000305175781,99.12999725341797,118719
2026-03-20,98.31999969482422,99.66999816894531,93.41999816894531,95.0,461845
2026-03-23,88.12999725341797,101.66999816894531,84.37000274658203,100.51000213623047,666790
2026-03-24,92.3499984741211,93.36000061035156,86.33999633789062,88.77999877929688,420067
2026-03-25,90.31999969482422,91.7300033569336,86.45999908447266,88.48999786376953,405170
2026-03-26,94.4800033569336,95.44000244140625,89.51000213623047,91.37999725341797,350768
2026-03-27,99.63999938964844,101.23999786376953,92.08000183105469,93.30999755859375,374920
2026-03-30,102.87999725341797,105.36000061035156,99.43000030517578,102.5999984741211,374075
2026-03-31,101.37999725341797,106.86000061035156,99.62000274658203,105.06999969482422,495395
2026-04-01,100.12000274658203,103.30999755859375,96.5,101.72000122070312,434561
2026-04-02,111.54000091552734,113.97000122070312,97.5,98.91999816894531,0
2026-04-06,112.41000366210938,115.4800033569336,108.88999938964844,112.95999908447266,271742
2026-04-07,112.94999694824219,117.62999725341797,109.19999694824219,112.62000274658203,429331
2026-04-08,94.41000366210938,109.19000244140625,91.05000305175781,108.73999786376953,599576
2026-04-09,97.87000274658203,102.69999694824219,95.25,96.77999877929688,427201
2026-04-10,96.56999969482422,100.41999816894531,95.51000213623047,98.2300033569336,314855
2026-04-13,99.08000183105469,105.62999725341797,97.02999877929688,102.0,344337
2026-04-14,91.27999877929688,98.0,91.05999755859375,97.98999786376953,315821
2026-04-15,91.29000091552734,93.30000305175781,86.95999908447266,92.0199966430664,240397
2026-04-16,94.69000244140625,95.44000244140625,90.5199966430664,91.47000122070312,194354
2026-04-17,83.8499984741211,94.04000091552734,80.55999755859375,93.18000030517578,116624
2026-04-20,89.61000061035156,91.19999694824219,87.0199966430664,89.0,115578
2026-04-21,92.12999725341797,94.44999694824219,87.76000213623047,87.88999938964844,383596
2026-04-22,92.95999908447266,93.7300033569336,87.63999938964844,90.0,299675
2026-04-23,95.8499984741211,98.38999938964844,92.30000305175781,92.9000015258789,365210
2026-04-24,94.4000015258789,97.8499984741211,92.68000030517578,96.62000274658203,330280
2026-04-27,96.37000274658203,97.66999816894531,94.58999633789062,95.5999984741211,219055
2026-04-28,99.93000030517578,101.8499984741211,96.23999786376953,96.66999816894531,281078
2026-04-29,106.87999725341797,108.5999984741211,98.41999816894531,99.70999908447266,318841
2026-04-30,105.06999969482422,110.93000030517578,103.33999633789062,109.06999969482422,341994
2026-05-01,101.94000244140625,106.6500015258789,99.30000305175781,105.13999938964844,268707
2026-05-04,106.41999816894531,107.45999908447266,99.11000061035156,99.7300033569336,342843
2026-05-05,102.2699966430664,105.4800033569336,101.08000183105469,104.93000030517578,241150
2026-05-06,95.08000183105469,102.69999694824219,88.66000366210938,102.69999694824219,423491
2026-05-07,94.80999755859375,97.98999786376953,89.8499984741211,96.30000305175781,392091
2026-05-08,95.41999816894531,98.63999938964844,93.81999969482422,98.25,243423
2026-05-11,98.06999969482422,100.37000274658203,96.12999725341797,98.19000244140625,256251
2026-05-12,102.18000030517578,102.72000122070312,98.0,98.38999938964844,231747
2026-05-13,101.0199966430664,103.66999816894531,100.55999755859375,102.16000366210938,212582
2026-05-14,101.16999816894531,102.3499984741211,99.38999938964844,101.0199966430664,173862
2026-05-15,105.41999816894531,106.0,101.4800033569336,102.05999755859375,96552
2026-05-18,108.66000366210938,109.47000122070312,102.6500015258789,106.0,117910
2026-05-19,107.7699966430664,109.23999786376953,106.76000213623047,107.11000061035156,206472
2026-05-20,98.26000213623047,104.44999694824219,96.94000244140625,104.12000274658203,320034
2026-05-21,96.3499984741211,102.66000366210938,95.76000213623047,98.94999694824219,345482
2026-05-22,96.5999984741211,99.43000030517578,94.7300033569336,98.0,261142
2026-05-26,93.88999938964844,94.69999694824219,89.41000366210938,93.87999725341797,358867
2026-05-27,88.68000030517578,93.69000244140625,87.7699966430664,93.38999938964844,290948
2026-05-28,88.9000015258789,92.5199966430664,87.11000061035156,89.11000061035156,235145
2026-05-29,87.36000061035156,89.0199966430664,86.3499984741211,88.55000305175781,267803
2026-06-01,92.16000366210938,94.77999877929688,88.44999694824219,88.5,322039
2026-06-02,93.76000213623047,94.0,90.12000274658203,92.44999694824219,238146
2026-06-03,96.0199966430664,97.0,93.44999694824219,93.44999694824219,260613
2026-06-04,93.04000091552734,95.91000366210938,91.91000366210938,95.75,219500
2026-06-05,90.54000091552734,93.62999725341797,89.68000030517578,92.81999969482422,252903
2026-06-08,91.30000305175781,95.47000122070312,90.38999938964844,93.0,278650
2026-06-09,88.19999694824219,91.55000305175781,85.94999694824219,91.27999877929688,306101
2026-06-10,90.02999877929688,91.87000274658203,87.38999938964844,89.4000015258789,291935
2026-06-11,87.70999908447266,93.63999938964844,85.73999786376953,92.25,317151
2026-06-12,84.87999725341797,87.2300033569336,83.19999694824219,86.63999938964844,233924
2026-06-15,80.75,82.41999816894531,79.69999694824219,81.4000015258789,208395
2026-06-16,76.05000305175781,81.58000183105469,75.5199966430664,81.0999984741211,205050
2026-06-17,76.79000091552734,80.02999877929688,74.58999633789062,76.58999633789062,100474
2026-06-18,76.5999984741211,76.98999786376953,73.58000183105469,75.52999877929688,97813
2026-06-22,74.81999969482422,78.95999908447266,74.44999694824219,78.93000030517578,315903
2026-06-23,73.20999908447266,74.44999694824219,72.4800033569336,74.13999938964844,203509
2026-06-24,70.33999633789062,73.18000030517578,69.62999725341797,73.12999725341797,251403
2026-06-25,71.91999816894531,72.5,68.9000015258789,69.94999694824219,228065
2026-06-26,69.2300033569336,71.86000061035156,68.55999755859375,71.44000244140625,249316
2026-06-29,70.75,71.1500015258789,69.31999969482422,70.5,170488
2026-06-30,69.5,71.5999984741211,69.22000122070312,70.43000030517578,194279
2026-07-01,68.58000183105469,70.19000244140625,67.91999816894531,69.9800033569336,200004
2026-07-02,68.69000244140625,68.80000305175781,67.04000091552734,68.02999877929688,183635
2026-07-06,68.55000305175781,69.20999908447266,67.81999969482422,68.68000030517578,229909
2026-07-07,70.44000244140625,72.51000213623047,68.58000183105469,68.58000183105469,264072
2026-07-08,73.5199966430664,76.08000183105469,71.75,72.37999725341797,445251
2026-07-09,72.08000183105469,75.12999725341797,71.41999816894531,74.94999694824219,264009
2026-07-10,71.41000366210938,73.16000366210938,70.7699966430664,71.86000061035156,219817
2026-07-13,78.13999938964844,78.58000183105469,72.61000061035156,73.69000244140625,327411
2026-07-14,79.33999633789062,81.2699966430664,77.83999633789062,78.04000091552734,409973
2026-07-15,79.5999984741211,80.93000030517578,78.19000244140625,79.73999786376953,239855
2026-07-16,78.94999694824219,80.87000274658203,78.58000183105469,80.0,188731
2026-07-17,82.48999786376953,82.76000213623047,78.61000061035156,79.56999969482422,96003
2026-07-20,83.2300033569336,85.38999938964844,80.2699966430664,83.76000213623047,99783
2026-07-21,84.91000366210938,85.80000305175781,82.25,83.4800033569336,298109
2026-07-22,86.83000183105469,88.61000061035156,84.44000244140625,84.69000244140625,358021
2026-07-23,92.19000244140625,93.5,87.31999969482422,87.72000122070312,401934
2026-07-24,89.30999755859375,92.83000183105469,87.68000030517578,92.55000305175781,365438
2026-07-27,82.61000061035156,86.19999694824219,81.62999725341797,86.12000274658203,352813
2026-07-28,79.26000213623047,82.43000030517578,77.77999877929688,82.0,368026
2026-07-29,84.45999908447266,85.56999969482422,79.91999816894531,80.04000091552734,327417
2026-07-30,83.58999633789062,85.94000244140625,82.97000122070312,84.6500015258789,235395
2026-07-31,84.66999816894531,86.87000274658203,81.05999755859375,83.91999816894531,257851
2026-08-03,80.33999633789062,81.30000305175781,78.43000030517578,80.0999984741211,294823
2026-08-04,75.7699966430664,82.33000183105469,75.11000061035156,80.0999984741211,362270
2026-08-05,75.22000122070312,76.69999694824219,74.23999786376953,75.16999816894531,259965
2026-08-06,77.29000091552734,78.51000213623047,74.56999969482422,75.13999938964844,246260
2026-08-07,78.18000030517578,78.7699966430664,76.52999877929688,78.16999816894531,241222
2026-08-10,82.12999725341797,82.37999725341797,77.79000091552734,78.41999816894531,271132
2026-08-11,83.19999694824219,84.61000061035156,81.2699966430664,82.3499984741211,283823
2026-08-12,83.2699966430664,84.3499984741211,82.4000015258789,83.48999786376953,250779
2026-08-13,81.25,83.30000305175781,80.08999633789062,82.69999694824219,245842
2026-08-14,82.4000015258789,82.98999786376953,80.70999908447266,81.2699966430664,192132
2026-08-17,84.5,85.04000091552734,81.5,82.52999877929688,180066
2026-08-18,84.94000244140625,85.94000244140625,84.56999969482422,84.9800033569336,90110
2026-08-19,85.83000183105469,87.19000244140625,84.31999969482422,85.41999816894531,98764
2026-08-20,87.83000183105469,89.0,85.5999984741211,85.80000305175781,262550
2026-08-21,87.05999755859375,87.51000213623047,85.80000305175781,86.2699966430664,262550
